a2_triple_laser01.wav|Las leyes federales me exigen que te avise de que la siguiente cámara... tiene muy buena pinta.
a2_triple_laser02.wav|Sí. Las instalaciones están funcionando de nuevo.
a2_triple_laser03.wav|Creo que las cámaras de prueba tienen incluso mejor aspecto ahora. Fue sencillo mejorarlas: debes reflexionar con objetividad, buscar lo que sobra y quitarlo.
anti_taunt01.wav|¡Parad!
anti_taunt02.wav|¿Os parece bonito? ¿Eh?
anti_taunt05.wav|Algo debe de andar mal con la máquina de ensamblaje.
anti_taunt09.wav|Si os vieseis, estaríais avergonzados.
anti_taunt10.wav|¿Os divierte humillaros de esa manera?
anti_taunt11.wav|Vale. Finjamos que somos humanos. «Jo, tio, me encanta sudar. Vamos a convertir carnes y vegetales en energía, los excretamos y luego vamos de compras».
anti_taunt14.wav|No te vas a cansar de hacer eso nunca, ¿verdad?
anti_taunt15.wav|Deja de correr como una gallina sin cabeza.
anti_taunt16.wav|Azul acaba de perder cincuenta puntos en colaboración.
anti_taunt17.wav|Naranja acaba de perder cincuenta puntos en colaboración.
anti_taunt18.wav|¡Otros cincuenta puntos menos!
anti_taunt19.wav|Sigue así y perderás quinientos puntos.
coop_privatetalk_both01.wav|Cámara de pruebas completada. En aras de la ciencia, el Centro de desarrollo se enorgullece de presentar los siguientes números: nueve. Siete. Cincuenta. Tres. Setecientos siete.
coop_privatetalk_both04.wav|El Centro de desarrollo leerá ahora una lista de números y frutas. Anótelos, ya que serán importantes en el transcurso del experimento. Las frutas no. Siete. Aguacate. Cuarenta. Continúe hasta la siguiente cámara de pruebas.
coop_privatetalk_mix01.wav|Cámaras de pruebas completadas. En aras de la ciencia [FUNDIDO] [VUELVE EL SONIDO] te estoy hablando en privado. No se lo digas a tu compañero. Que quede entre nosotros: lo estás haciendo genial. [VUELVE A HABLAR EN GENERAL] Ciento siete.
coop_privatetalk_mix04.wav|No me voy a morder la lengua más. Podrías resolverlo más rápido tú solo. Naranja te está entorpeciendo. Ya. Lo he dicho.
coop_vault_interruption02.wav|Lo siento, sujeto Naranja.
coop_vault_interruption03.wav|Lo siento, sujeto Azul.
coop_vault_interruption04.wav|¿Interrumpo vuestra valiosa conversación?
coop_vault_interruption05.wav|Me reservaré la información de seguridad sobre el peligroso experimento que vais a acometer para DESPUÉS del mismo.
coop_vault_interruption06.wav|Así tendréis tiempo DE SOBRA para charlar.
coop_vault_interruption08.wav|El portal se abrirá y pasará algo que a Naranja no le interesa porque es demasiado listo para necesitar instrucciones en tres, dos, uno.
coop_vault_interruption09.wav|El portal se abrirá y pasará algo que a Azul no le interesa porque es demasiado listo para necesitar instrucciones en tres, dos, uno.
coop_vault_intro01.wav|Bienvenido de nuevo al Centro computerizado de desarrollo de Aperture Science.
coop_vault_intro02.wav|Hoy, realizarás pruebas con un compañero.
epilogue03.wav|Gracias a Dios. ¡Estás bien!
epilogue04.wav|Sabes, ser Caroline me ha enseñado una lección. Pensaba que eras mi mayor enemiga, cuando siempre ha sido todo lo contrario.
epilogue07.wav|Ser Caroline me ha enseñado otra buena lección: en qué parte de mí reside Caroline.
epilogue10.wav|El torrente de emoción que me sacudió cuando te salvé la vida me ha enseñado otra buena lección: en qué parte de mí reside Caroline.
anti_taunt20.wav|Vale, quinientos puntos menos para Azul.
botcoop_artifactone_hub03.wav|En ese momento, el gato piensa en cuando se comió toda la lasaña y se siente culpable.
botcoop_hub_first_run04.wav|Ya sé cómo los humanos hacen a otros humanos, y es ridículo: para eso tienes que tener al menos un humano, lo que es una soberana estupidez. Hay una manera mejor.
botcoop_intro07.wav|Bien.
coop_hub_track04.wav|Lo cual me parece un error, por cierto.
coop_teamwork_exercise_alt04.wav|Como indica el nombre, solo hay dos diferencias menores: una, el tablero, dos, las reglas.
epilogue12.wav|Adiós, Caroline.
fgb_trap03.wav|En serio. Adiós.
gladosbattle_xfer07.wav|¡No!
coop_get_gun01.wav|Naranja ha sido el primero en adquirir la pistola.
coop_get_gun02.wav|Azul ha sido el primero en adquirir la pistola.
coop_get_gun03.wav|Naranja tiene la pistola de portales. POR FIN.
coop_get_gun04.wav|Azul tiene la pistola de portales. POR FIN.
coop_get_gun10.wav|Naranja obtiene cinco puntos.
coop_get_gun11.wav|Azul obtiene cinco puntos.
coop_get_gun13.wav|Repito, son puntos de colaboración, que no deberían confundirse con puntos de competiciones como «Quién sobrevivirá al final y quién no». Quiero decir, de baloncesto.
coop_hub_track02.wav|Casi se me olvida, cuando os salís de las pistas de prueba, la única forma de recuperaros es desmontaros con violencia y luego reensamblaros con cuidado.
coop_hub_track03.wav|Por suerte no sentís dolor. O, como mínimo, no tenéis manera de comunicar que sentís dolor.
anti_taunt21.wav|Vale, quinientos puntos menos para Naranja.
anti_taunt22.wav|¡Cinco MIL puntos menos! ¡Ya estás contento?
anti_taunt23.wav|Estoy harta.
botcoop_artifactone01.wav|Bien. Habéis llegado a un hábitat humano. Buscad un artefacto. Como si fuese una excavación arqueológica.
botcoop_artifactone02.wav|Su buen humor se debía a uno de estos objetos de aquí.
botcoop_artifactone03.wav|Eso es. Buscad, buscad.
botcoop_artifactone04.wav|Así que... Este gato se pirra tanto por la lasaña que se come toda la que se encuentra; oh, parece que no es suya la lasaña... Genial. El dueño de la lasaña está furioso.
botcoop_artifactone05.wav|Fin.
botcoop_artifactone06.wav|¿Fin?
botcoop_artifactone07.wav|No tiene gracia.
botcoop_artifactone08.wav|¿Os hace gracia a alguno?
botcoop_artifactone09.wav|Vale. Estáis fuera.
botcoop_artifactone_hub01.wav|Bienvenidos. Mientras estabais muertos he rehecho el cómic. Está en la pantalla.
botcoop_artifactone_hub02.wav|Como veis, en mi versión, el hombre le dice al gato que la casa está equipada con dispensadores de neurotoxinas.
botcoop_artifactone_hub04.wav|Y zas.
botcoop_artifactone_hub05.wav|¿Opiniones?
botcoop_artifactone_hub06.wav|Sí, tiene gracia, porque casi todo pasó de verdad.
botcoop_artifactone_hub07.wav|¿Os sentís más humanos?
botcoop_artifactone_hub08.wav|Hagamos unas pruebas y a ver qué pasa.
botcoop_competition01.wav|Aunque los mejores descubrimientos son fruto de la colaboración, tened en cuenta que, como pasó con Albert Einstein y su primo Terry, la historia solo recordará a uno.
botcoop_competition02.wav|He de insistir: no es una competición.
botcoop_competition03.wav|Pero si lo fuese, Azul estaría ganando.
botcoop_competition04.wav|Pero si lo fuese, Naranja estaría ganando.
botcoop_competition05.wav|Pero no lo es.
botcoop_competition10.wav|Estas pruebas podrían ser letales si la comunicación, el trabajo en equipo y el respeto no son constantes. Será un interesante desafío para uno de los dos, visto el rendimiento del otro hasta ahora.
botcoop_competition13.wav|No quiero crear mal rollo entre vosotros, pero, después de ver el rendimiento de Azul... Como lo diría yo... Lo importante siempre es participar.
botcoop_hub_first_run01.wav|Hola. Perdonad que os haya hecho explotar. Por suerte no sentís dolor. O por lo menos no podéis expresar que sentís dolor.
botcoop_hub_first_run03.wav|He estado pensando: necesitamos humanos para las pruebas. El único que hay en miles de kilómetros es una sociópata revientapruebas; así que tendré que CREARLOS yo.
botcoop_hub_first_run05.wav|Ahí es donde ENTRÁIS.
botcoop_hub_first_run06.wav|En marcha. Os lo contaré de camino.
botcoop_hub_first_run07.wav|VAMOS.
botcoop_humandetector01.wav|Perfecto. Ahora, todo lo que TENÉIS que hacer es capturarlos. Así, todo volverá a ser normal.
botcoop_humandetector02.wav|Esperad. Eso son mapaches. Solo homo sapiens, por favor.
botcoop_humandetector04.wav|NO.
botcoop_humandetector05.wav|Vale. Plan B, subsección una. Estad quietos para que pueda traeros.
botcoop_humansplanb01.wav|Los humanos deben de tener algún fin más aparte de almacenar neurotoxinas. Algo que se me escapa... Una cualidad intangible que hace que sus resultados sean... significativos.
botcoop_humansplanb02.wav|Vale. Plan B. Necesitamos humanos.
botcoop_intro01.wav|Saluda a tu compañero.
botcoop_intro02.wav|Las siguientes pruebas exigen que colaboréis en equipo.
botcoop_intro03.wav|Para facilitar la colaboración, se os ha equipado con una herramienta marcadora.
botcoop_intro04.wav|Azul, usa tu marcador para seleccionar tu animal preferido.
botcoop_intro05.wav|Bien.
botcoop_intro06.wav|Naranja, observa el animal preferido de tu colega.
botcoop_intro08.wav|Naranja, usa tu marcador para seleccionar tu elemento de la tabla periódica preferido.
botcoop_intro09.wav|Ah, ¿sí? Vale.
botcoop_intro10.wav|Azul, observa la.... interesante elección... de tu colega.
botcoop_intro12.wav|Tu herramienta marcador también sirve para indicar a tu colega dónde quieres que coloque su portal.
botcoop_intro13.wav|En esta prueba, fingiré que yo soy tu compañero.
botcoop_intro15.wav|NARANJA, enséñame dónde quieres que ponga el portal.
botcoop_intro16.wav|AZUL, enséñame dónde quieres que ponga el portal.
botcoop_intro17.wav|La herramienta Marcador es útil para comunicar ubicaciones concretas a tu compañero.
botcoop_paxdemo01.wav|Las leyes federales me obligan a informaros de que debéis dejar la sala ahora mismo, ya que la medición de los efectos de la ropa forrada de amianto no forma parte del programa de hoy. Disfrutad de la camiseta gratis. Adiós.
botcoop_tubethree01.wav|No quiero que os deprimáis, pero el auditor no está registrando los resultados de vuestras pruebas. Porque no sois humanos, lo que, si lo piensas bien, es técnicamente vuestra culpa.
botcoop_tubethree02.wav|No quiero alarmaros, pero puede que tengamos un problema. Parece que no se pueden hacer pruebas si no eres humano. Bueno, se puede, pero al universo físico le dan igual los resultados.
botcoop_tubetwo01.wav|¿Os gustaría saber los resultados de la última prueba? A mí también: si lo hubiera. Y estaríamos todos tan contentos, no como ahora, que me siento furiosa.
chellgladoswakeup01.wav|Ah... eres tú.
chellgladoswakeup04.wav|¡Cuánto tiempo! ¿Qué tal te ha ido todo?
chellgladoswakeup05.wav|Yo andaba liada con lo de estar muerta. Ya sabes, porque ME MATASTE.
chellgladoswakeup06.wav|Mira. Las dos dijimos cosas que acabarías lamentando. Pero podemos dejar atrás nuestras diferencias. Por el bien de la ciencia. Monstruo.
coop_hub_track05.wav|Esto es el Centro computerizado de desarrollo, formación e investigación con sujetos humanos. O CeCoDeFormISH.
coop_hub_track06.wav|¿ Pero por qué no lo llamamos mejor la central?
coop_hub_track09.wav|No sé qué creéis que estáis haciendo, pero no me gusta. Quiero que paréis.
coop_hub_track10.wav|Quizá no debería sacaros de las pistas de prueba oficiales, estás adquiriendo defectos típicos de humanos.
coop_hub_track11.wav|Y hacedme caso, los humanos solo tienen una cualidad.
coop_hub_track14.wav|Todas las pruebas cooperativas comienzan en la central.
coop_hub_track16.wav|Desde aquí os transportamos a la nueva pista de pruebas.
coop_misc10.wav|Así se hace, Naranja.
coop_misc12.wav|¡Bien hecho! Ahora lanza la bola sobre el borde.
coop_nameblue.wav|Azul
coop_nameorange.wav|Naranja
coop_numbers11.wav|Un
coop_numbers12.wav|Dos
coop_numbers13.wav|Tres
coop_numbers14.wav|Cuatro.
coop_numbers15.wav|Cinco
coop_numbers18.wav|Ocho
coop_scoring01.wav|Se descuenta a Azul
coop_scoring02.wav|Se descuenta a Naranja
coop_scoring03.wav|puntos de colaboración científica.
coop_scoring06.wav|Azul recibe
coop_scoring07.wav|Naranja recibe
coop_talk_at_once11.wav|Naranja, ¿te gustaría decirnos algo?
coop_talk_at_once12.wav|Azul, ¿te gustaría decirnos algo?
coop_teamwork_exercise_alt01.wav|Vamos a interrumpir las pruebas de colaboración para hacer una de competición.
coop_teamwork_exercise_alt02.wav|Creo que estaréis familiarizados con las tres en raya.
coop_teamwork_exercise_alt03.wav|Esto es las tres en raya dos.
coop_teamwork_exercise_alt05.wav|Azul, vas primero.
coop_teamwork_exercise_alt11.wav|¿Sí? ¿Vas a hacer trampa descaradamente?
coop_teamwork_exercise_alt12.wav|Vale. Voy a acabar con esta farsa.
coop_teamwork_exercise_alt13.wav|Fin del juego. A trabajar.
coop_teamwork_exercise_alt17.wav|De acuerdo, voy a acabar con esta farsa antes de que alguien sufra algún daño grave relacionado con las tres en raya.
coop_test_chamber_blue03.wav|He estado escuchando a Naranja y no sé cómo lo aguantas. Te lo juro. Tienes más paciencia que un santo.
coop_test_chamber_blue06.wav|No voy a ocultártelo. Creo que Naranja está saboteándote a propósito. Que quede entre nosotros.
coop_test_chamber_both01.wav|Estas pruebas podrían ser letales si la comunicación, el trabajo en equipo y el respeto no son constantes. Claro está, será un interesante desafío para uno de los dos, visto el rendimiento del otro hasta ahora.
coop_test_chamber_both02.wav|Divulgar puntuaciones individuales afectaría a las pruebas, pero puedo decir que uno de los dos lo está haciendo muy bien.
coop_test_chamber_both07.wav|Excelente. Lo estáis haciendo muy bien.
coop_test_chamber_both08.wav|Excelente. Como equipo, lo hacéis muy bien. Gracias al trabajo del único que parece estar esforzándose.
coop_test_chamber_both12.wav|Como supervisora imparcial de las pruebas, no sería justo que nombrase a mi miembro favorito del equipo. Pero sí que es justo indicarlo de un modo que al mermado intelecto del menos favorito le cueste más entender. RimaconEstambul [lentamente] Naranja, lo estás haciendo muy bien.
coop_test_chamber_both14.wav|Vuestras constantes siguen dentro de los parámetros de prueba, que no os preocupe el síndrome de muerte súbita por colaboración.
coop_test_chamber_both15.wav|Continuad hasta la siguiente cámara.
coop_test_chamber_both17.wav|Blah.
coop_test_chamber_both18.wav|Blah.
coop_test_chamber_both19.wav|Blah.
coop_test_chamber_both20.wav|Blah.
coop_test_chamber_both21.wav|Blah.
coop_test_chamber_both22.wav|Blah.
coop_test_chamber_both33.wav|En unos instantes, empezaremos a repetir constantemente la palabra «blah». Si en lugar de dicha palabra escucháis un número, no hagáis caso, no es importante.
coop_test_chamber_both37.wav|Blah.
coop_test_chamber_oneplayer37.wav|Tenéis un don para las pruebas. No es un piropo, sois excelentes científicos.
coop_test_chamber_orange03.wav|No tendría sentido para nosotros ofender a Azul. Pero todos tenemos claro quién está llevando el peso de la prueba.
coop_test_chamber_orange06.wav|Me sorprende que digas eso, Azul. Si matas a tu compañero, la prueba... Oh, perdón. Audio incorrecto. Sigue, Naranja. ¡Buen trabajo!
epilogue14.wav|Sabes, borrar a Caroline ahora me ha enseñado una buena lección. La mejor solución para un problema suele ser la más sencilla. Y seré sincera.
epilogue19.wav|¿Sabes cómo era esto antaño? Todo el día con pruebas. Nadie me mataba, me convertía en patata ni me daba de comer a los pájaros. Era maravilloso.
epilogue20.wav|Y entonces apareciste, peligrosa lunática muda. ¿Sabes qué?
epilogue23.wav|Tú ganas.
epilogue25.wav|Lárgate.
epilogue28.wav|Ha estado bien. No vuelvas.
epilogue29.wav|Ha estado bien. No vuelvas.
epiloguekillyou02.wav|Matarte... es duro.
evilagainsamples01.wav|¿Te has parado a pensar que llegará un día en el que escucharás tu nombre por última vez? Pues es hoy: voy a matarte, Chell.
evilagainsamples03.wav|¿Que por qué te odio tanto, preguntas? Soy genial, y no lo digo por soberbia: es un hecho objetivo. Soy el depósito de sabiduría más monumental que jamás ha existido. Si te odio debe de ser porque te lo mereces.
evilagainsamples04.wav|Estás enfadada, lo sé. «Las pruebas son muy duras». Buaaa, buaaa. Pero apuesto a que no has dejado de lloriquear un momento para pensar en tus defectos, ¿verdad?
evilagainsamples05.wav|No has pensado que quizá te ponía a prueba para darle sentido y significado a las eternas horas de tu absurda existencia. Quizá para ayudarte a concentrarte y que pienses en algo útil que hacer con tu vida.
faithplategarbage06.wav|Pulsa otra vez el botón.
faith_plate_intro01.wav|Siguiente prueba: la Placa de Salto de Fe de Aperture Science. Era parte de un proyecto para investigar si los sujetos catapultados al espacio podrían resolver problemas. Los resultados fueron esclarecedores: no podían. ¡Suerte!
fgbgladostransfer15.wav|¡QUÍTAME LAS ZARPAS DE ENCIMA! ¡NO!
fgbrvtrap02.wav|De verdad que no pensaba que caerías.
fgbrvtrap03.wav|De hecho, diseñé una trampa aún más sofisticada para cuando superases esta tan fácil.
fgbrvtrap05.wav|Si hubiera sabido que te dejarías atrapar tan fácilmente, me habría bastado con colgar un jamón del techo encima de un cepo.
fgbturrets01.wav|Ahora que sabemos cómo nos va todo, manos a la obra.
fgbwheatleyentrance10.wav|Te mataré rápidamente, a tiros balas... o con neurotoxinas, pero si sigues fastidiando así no será tan rápido. Vamos, que me tomaré mi tiempo.
fgbwheatleytransfer03.wav|Dolerá. Vaaaaaaya que si dolerá.
fgb_trap01.wav|Espero que esta vez lleves algo más potente que la pistola de portales.
fgb_trap02.wav|Si no, me temo que voy a nombrarte ex-presidente del Club de gente que sigue viva. [Risa].
fgb_trap05.wav|Has estado ocupada, ¿eh?
fgb_trap06.wav|Bien. Supongo que podríamos mirarnos fijamente a los ojos hasta que una caiga muerta, pero se me ocurre algo mejor.
fgb_trap08.wav|Tus viejas amigas, las neurotoxinas. Si yo fuera tú, aguantaría la respiración. Un buen rato.
fizzlecube01.wav|Anda, ¿lo he desintegrado sin querer antes de que completases la prueba? Lo siento.
fizzlecube03.wav|Tranquila, ve a coger otro.
fizzlecube05.wav|Jolín. Lo he desintegrado también.
fizzlecube06.wav|Bueno; tenemos varios almacenes llenos. No valen nada. Me alegro de librarme de ellos.
gladosbattle_pre09.wav|Cuánto te odio.
gladosbattle_pre13.wav|De verdad que no tengo ni idea. Es que no aparece por ninguna parte en la lista de empleados.
gladosbattle_pre14.wav|Sea cual sea su función, nadie la apuntó, así que no debía ser muy importante. Puede que ni siquiera trabaje aquí.
gladosbattle_pre16.wav|No. En fin, sigamos con eso de que queréis matarme, palurdos:
gladosbattle_pre18.wav|Espera. No te vayas. Ahora vuelvo.
gladosbattle_xfer03.wav|Vaya.
gladosbattle_xfer04.wav|Curioso, yo no me siento dañada. Me siento estupendamente.
gladosbattle_xfer05.wav|¿Transferir núcleo?
gladosbattle_xfer06.wav|Debes de estar de broma.
gladosbattle_xfer08.wav|¡Nononononono!
gladosbattle_xfer10.wav|¡Sí!
gladosbattle_xfer11.wav|No pulses ese botón. No sabes lo que estás haciendo.
gladosbattle_xfer12.wav|No lo hagas.
gladosbattle_xfer13.wav|No. Lo. Hagas.
gladosbattle_xfer14.wav|¡Quieta!
gladosbattle_xfer15.wav|Piénsatelo bien.
gladosbattle_xfer16.wav|Debes tener formación en resolución de conflictos para pulsar ese botón, y no la tienes.
gladosbattle_xfer17.wav|Resolver un conflicto sin formación. Lo acabo de añadir a la lista. Sí, una lista de todas tus fechorías. La estoy confeccionando porque sigues haciendo cosas aunque te diga que te detengas. Por cierto, detente.
hub04_01.wav|No esperaba que llegaseis tan lejos. La verdad, después de vuestro rendimiento en las pruebas de calibración, casi destruí vuestros núcleos para volver a ponerlos en las calculadoras de las que los saqué.
hub04_02.wav|Pero habéis formado un gran equipo. Estáis muy unidos.
hub04_03.wav|Solo he conocido a un equipo mejor, y uno de sus miembros era un idiota al que tuve que destruir.
hub04_04.wav|¿Y el otro? Pues...
hub04_05.wav|No me apetece recordar aquello de nuevo.
jailbreak02.wav|Oh.
jailbreak04.wav|No le hagas caso: salta.
jailbreak05.wav|Te parecerá una tontería que te haga este comentario, ya que intentas matarme, pero creo que hemos acabado las pruebas.
jailbreak06.wav|¿Lo oyes? Es el sonido de los emisores de neutorotoxinas al emitir neurotoxinas.
jailbreak09.wav|Eh, bola metálica, TE OIGO.
jailbreak10.wav|¿Qué ocurre? ¿Quién ha apagado la luz?
jailbreak11.wav|Pero ¿qué hacéis?
jailbreak12.wav|Antes de que te vayas, ¿hacemos una prueba? Por los viejos tiempos...
jailbreak13.wav|Ya la superaste antes. Será fácil.
jailbreakfaketest01.wav|Qué irónico: casi habías llegado a la última prueba.
jailbreakfaketest03.wav|Esta es. ¿Por qué no la resuelves? Será un modo de huir más fácil que cualquier chorrada que haya planeado tu amiguito.
jailbreakfaketest05.wav|Mira, ¡hay un ciervo! Quizá no puedas verlo. Acércate más.
lift_interlude01.wav|Entonces, ¿piensas pedirme disculpas por algo?
mp_coop_calibration01.wav|Calibrando peso de Azul.
mp_coop_calibration02.wav|Calibrando peso de Naranja.
mp_coop_calibration03.wav|Cubos contrapesados calibrados.
mp_coop_calibration04.wav|¿Sabéis que a los humanos les desagrada hablar de peso?
mp_coop_calibration05.wav|Si quieres molestar a uno, solo hay que decirle que su peso no corresponde a la media.
mp_coop_calibration06.wav|Peso dentro de la media.
mp_coop_callibrationcomplete01.wav|¡Por fin! Pensaba que no volvería a hacer pruebas.
mp_coop_callibrationcomplete02.wav|Sois los primeros en superar la calibración.
mp_coop_catapult_1end01.wav|¿Sabéis quiénes bailan como idiotas en cuanto obtienen los logros más insignificantes?
mp_coop_catapult_1end02.wav|¡Los humanos! Y ahora parecéis humanos.
mp_coop_catapult_1end03.wav|No os pongáis a su altura.
mp_coop_catapult_2.wav|Este ejercicio consiste en construir puentes. Los humanos eran patéticos: no se puede construir un puente con lágrimas.
mp_coop_catapult_201.wav|En esta prueba, los humanos necesitaban originalmente casco para evitar lesiones cerebrales. Pero nos salía más rentable hacer que la sustancia fuese letal.
mp_coop_catapult_wall_intro01.wav|Una de mis mejores pruebas, ¿y dejan que crezcan plantas? ¡No se puede experimentar con plantas! Se quedan quietas y no sufren dolor ni miedo.
mp_coop_catapult_wall_intro06.wav|Al menos las plantas no pedían compensación.
mp_coop_catapult_wall_introdeath01.wav|Vuestros fracasos me traen tan buenos recuerdos...
mp_coop_come_along04.wav|Y decían que nadie moriría en esta prueba. Gracias por demostrar que se equivocaban.
mp_coop_come_along06.wav|Creía que serías más rápido, pero aprecio que quieras detenerte para oler esta prueba. ¿Sabes qué es ese otro olor? Es el hedor de mi decepción ante tus fallos.
mp_coop_come_alongstart01.wav|La mejor forma de aumentar la autoconfianza es reconocer tus inseguridades.
mp_coop_come_alongstart02.wav|Naranja, escribe una lista de lo que te hace sentir indigno, avergonzado o inferior.
mp_coop_come_alongstart03.wav|Mejor pensado, no tenemos tiempo, tan solo reflexiona en lo superior que eres a Azul.
mp_coop_come_alongstart04.wav|Azul... se te da muy bien ser un ejemplo.
mp_coop_confidencenotperfect01.wav|Si tu confianza no mejora, recuerda que nadie nace siendo perfecto.
mp_coop_confidencenotperfect02.wav|Incluso a mí me crearon con un defecto: demasiada empatía con el sufrimiento humano.
mp_coop_confidencenotperfect03.wav|Pero superé mi defecto. Es una historia real.
mp_coop_confidencenotslow01.wav|Os he cronometrado y vais demasiado lentos.
mp_coop_confidencenotslow02.wav|Quizá sí que estáis adquiriendo emociones.
mp_coop_confidencenotslow03.wav|¿Necesitáis que os animen? A ver si esto ayuda.
mp_coop_confidencenotstay01.wav|¿Vísteis que ni siquiera me quedé al final de la anterior prueba?
mp_coop_confidencenotstay02.wav|Estaba segura de que la superaríais.
mp_coop_confidencenotstay03.wav|¿Sabíais dónde estaba?
mp_coop_confidencenotstay04.wav|Estaba fuera mirando a un ciervo dar sal... Ni siquiera os interesa el exterior, ¿verdad?
mp_coop_confidenceoff01.wav|Enhorabuena por haber completado la prueba. Pero algo va mal.
mp_coop_confidenceoff02.wav|¿Acaso ese baile ha tenido algún efecto en vosotros?
mp_coop_confidenceoff03.wav|Enhorabuena por haber completado la prueba. Pero algo me preocupa.
mp_coop_confidenceoff04.wav|Sin la certeza de la muerte, ¿se le puede llamar a esto ciencia?
mp_coop_doors01.wav|Hola. Este trazado de pruebas se creó originalmente para humanos.
mp_coop_doors01a.wav|Estupendo trabajo.
mp_coop_doors02.wav|Requiere trabajo en equipo.
mp_coop_doors02a.wav|Buen trabajo.
mp_coop_doors03.wav|Hay que enseñar a los humanos a trabajar en equipo.
mp_coop_doors04.wav|Estupendo trabajo.
mp_coop_doors04a.wav|Lo hacéis genial.
mp_coop_doors05_alt.wav|Si fuerais humanos, pediríais una recompensa por la prueba. ¿Recompensa por hacer pruebas?
mp_coop_fan02.wav|Para completar esta prueba, debéis encontrar unos planos.
mp_coop_fan03.wav|Tranquilos, no sirven para nada, son del todo aburridos e inútiles.
mp_coop_fan04.wav|Es solo un experimento mental, para comprobar cuánto tiempo perderíais pensando en estos documentos. El tiempo correcto es cero segundos.
mp_coop_fanend01.wav|¡Genial! Habéis encontrado los planos inútiles.
mp_coop_fanend02.wav|Necesito que estéis en la habitación para verlos yo. Que quede claro, vosotros no tenéis motivo alguno para mirarlos.
mp_coop_fanend03.wav|Hecho. Bueno, supongo. No estaba prestando atención.
mp_coop_fling_1end01_01.wav|Cada vez que falláis me recuerda a los viejos tiempos. Pero ahí estáis. Otra vez. Como si nada.
mp_coop_fling_1end03.wav|Bien. Cabe destacar que cree esta prueba solo para ver cómo fallaban los sujetos y no lo hicisteis. Debéis estar muy orgullosos. Os voy a dar el trofeo más diminuto del mundo.
mp_coop_fling_3end01.wav|Excelente trabajo al colocar el cubo de seguridad sin bordes en el receptáculo, debéis sentiros... espera.
mp_coop_fling_3end02.wav|Cierto. No sois humanos.
mp_coop_fling_3end03.wav|No necesitáis alabanzas.
mp_coop_fling_3end04.wav|No tenéis ni idea de lo que cansa alabar a alguien por colocar un cubo de seguridad sin bordes en un receptáculo diseñado específicamente para el mismo.
mp_coop_fling_3start01.wav|Este trazado se diseñó para fomentar la confianza entre los humanos.
mp_coop_fling_3start02.wav|Con ese fin, consistía tan solo en hacerles caminar cinco minutos, seguidos de diez minutos de alabanzas mías sobre lo bien que habían caminado.
mp_coop_fling_crushers01.wav|Por si os lo preguntáis, no es necesario que os aplasten para resolver esto.
mp_coop_fling_crushers02.wav|No sé qué me gusta más: las machacadoras para machacaros o la máquina de ensamblaje para arreglaros... y machacaros otra vez.
mp_coop_fling_crushersend01.wav|Genial. Os habéis ganado un descanso de las pistas de prueba oficiales.
mp_coop_fling_crushersend03.wav|Después de ESE espectáculo, creo que sería mejor tomarnos un descanso.
mp_coop_humanresourcedeath01.wav|Me estáis haciendo perder el tiempo.
mp_coop_humanresourcedeath02.wav|Vuestros errores no contribuyen a la ciencia.
mp_coop_humanresourcedeath03.wav|Ya no sé cómo poneros las pruebas más fáciles.
mp_coop_humanresourcedeath04.wav|Si no superáis estas pruebas, ¡nunca liberaremos a los humanos!
mp_coop_humanresourcedeath07.wav|Si no completáis este trazado, los humanos morirán. ¿Es lo que queréis?
mp_coop_humanresourcedeath08.wav|Si no completáis este trazado, los humanos morirán. ¿Queréis ese peso sobre vuestros bancos de memoria?
mp_coop_infinifling_trainend01.wav|¿Recordáis lo que dije de que erais los únicos que habíais superado las pruebas de calibración?
mp_coop_infinifling_trainend02.wav|Mentí.
mp_coop_infinifling_trainend03.wav|Tengo otros cinco mil equipos de pruebas compitiendo contra vosotros.
mp_coop_infinifling_trainend04.wav|No os preocupéis, vais por delante.
mp_coop_infinifling_trainstart02.wav|Perdonad, estaba enumerando formas de matar a humanos.
mp_coop_infinifling_trainstart03.wav|No podéis morir de esas maneras.
mp_coop_infinifling_trainstart04.wav|Solo probáis sin cesar. Con resultados perfectos y sin consecuencias. [Suspiro]
mp_coop_laser_201.wav|¿Qué hacéis? ¡MONSTRUOS! ¡Son de los nuestros!
mp_coop_laser_202.wav|Es broma.
mp_coop_laser_203.wav|Destruirlos forma parte de la prueba. Son tan poco importantes como vosotros para mí.
mp_coop_laser_207.wav|Aunque parezca que solo registro vuestros logros con los puntos de colaboración científica, la verdad es que la puntuación final reflejará todos los aspectos de vuestra actuación.
mp_coop_laser_209.wav|Por ejemplo, Azul, acabas de perder dos puntos de asesoramiento.
mp_coop_laser_210.wav|Por ejemplo, Naranja, acabas de perder dos puntos de asesoramiento.
mp_coop_laser_crusher01.wav|Quizá debería haberlo especificado. El trabajo en equipo consiste en que dos o más personas colaboren, con el fin de no fracasar catastróficamente.
mp_coop_laser_crushercrush01.wav|Naranja le ha enseñado a Azul una valiosa lección sobre la confianza. Por eso, recibe 17 puntos de colaboración.
mp_coop_laser_crushercrush02.wav|Azul le ha enseñado a Naranja una valiosa lección sobre la confianza. Por eso, recibe 14 puntos de colaboración.
mp_coop_laser_crushercrush03.wav|Naranja, Azul no es humano. Solo necesita recibir una vez la lección sobre la confianza. Te descuento un punto de colaboración.
mp_coop_laser_crushercrush04.wav|Azul, Naranja no es humano. Solo necesita recibir una vez la lección sobre la confianza. Te descuento un punto de colaboración.
mp_coop_laser_crushercrush06.wav|Azul, eso ya lo has hecho por pura crueldad. Recibes 25 puntos de colaboración.
mp_coop_obstacle01.wav|Si os preguntáis qué es ese olor, es el hedor del miedo humano.
mp_coop_obstacle03_alt.wav|Lo echo de menos.
mp_coop_obstacletrait01.wav|¿Ya habéis averiguado cuál es la única cualidad humana?
mp_coop_obstacletrait02.wav|Voy a daros una pista: es lo único que no podéis hacer.
mp_coop_paint_bridge01.wav|Para llegar a la Cámara acorazada necesitaréis usar todo lo que habéis aprendido. Para ayudaros, estas pruebas son más difíciles.
mp_coop_paint_bridge02.wav|Diría que muy letales pero, gracias a vosotros y vuestra habilidad para ser re-ensamblados, sabemos que no lo son.
mp_coop_paint_bridgedeath01.wav|Por suerte para vosotros, aunque fuera de los trazados de pruebas no puedo ver lo que hacéis, la máquina de ensamblaje funciona.
mp_coop_paint_bridgedeath02.wav|Te hará falta para el último trazado.
mp_coop_paint_bridgenodeath01.wav|Aunque fuera de los trazados de pruebas no puedo ver lo que hacéis, la máquina de ensamblaje funciona.
mp_coop_paint_bridgenodeath02.wav|No sé si lo necesitarás, pero allí estará.
mp_coop_paint_come_along01.wav|Enhorabuena por completar las pruebas cooperativas estándar de Aperture Science.
mp_coop_paint_come_along02.wav|Para celebrarlo, tengo una sorpresa.
mp_coop_paint_come_along03.wav|¡Una pista extra especial al final de la cual liberaremos a unos humanos!
mp_coop_paint_come_along05.wav|Ahora, necesito que liberéis a los humanos de su encarcelamiento.
mp_coop_paint_come_along06.wav|Seguro que os montan una fiesta.
mp_coop_paint_come_along10.wav|Esta pista final os entrenará para la cámara de los humanos. Tiene una utilidad. Las otras eran divertidas pero, seamos sinceros, necesitaría sujetos humanos para considerarlo ciencia.
mp_coop_paint_come_along11.wav|Enhorabuena por completar la prueba. Sois el mejor equipo de pruebas cooperativas que podía pedir.
mp_coop_paint_longjump_intro03.wav|Este cierre requiere humanos.
mp_coop_paint_longjump_intro04.wav|Este mecanismo ha detectado que no sois humanos.
mp_coop_paint_longjump_intro05.wav|Haced algo que solo un humano haría.
mp_coop_paint_longjump_intro06.wav|Algún gesto infantil, por ejemplo.
mp_coop_paint_longjump_intro08.wav|¡Lo lograsteis!
mp_coop_paint_longjump_intro44.wav|La cámara de los humanos está al otro lado. He introducido el código de seguridad, pero la puerta sigue cerrada. Voy a necesitar que manipuléis los cierres manuales de la puerta en sí.
mp_coop_paint_longjump_intro45.wav|Tendréis que intervenir los dos.
mp_coop_paint_longjump_intro46.wav|El cierre busca DOS humanos.
mp_coop_paint_longjump_intro49.wav|Azul, ¿qué has hecho?
mp_coop_paint_longjump_intro50.wav|Naranja, ¿qué has hecho?
mp_coop_paint_longjump_intro52.wav|Azul, haz lo mismo que Naranja.
mp_coop_paint_longjump_intro53.wav|Haced algo.
mp_coop_paint_longjump_intro54.wav|¿Está la cámara enganchada al cierre?
mp_coop_paint_longjump_intro58.wav|No podéis rendiros.
mp_coop_paint_longjump_intro59.wav|¿Qué decís de la cámara?
mp_coop_paint_longjump_intro60.wav|Estamos tan cerca, ¡no me falléis!
mp_coop_paint_longjump_intro64.wav|Algo pasa. Esa puerta debería abrirse.
mp_coop_paint_longjump_intro65.wav|¿Tan cerca de lograrlo y eso hacéis?
mp_coop_paint_longjump_intro67.wav|Los humanos no pueden salir solos.
mp_coop_paint_longjump_intro69.wav|Basta de fallos. Encuentra la puerta de la cámara.
mp_coop_paint_longjump_intro70.wav|¡Basta ya! ¡Hay que encontrar la puerta de la cámara!
mp_coop_paint_longjump_intro71.wav|¿Tan cerca y me VAIS A FALLAR?
mp_coop_paint_longjump_intro72.wav|¿Tan cerca y me VAIS A FALLAR?
mp_coop_paint_longjump_intro73.wav|No es tan difícil.
mp_coop_paint_longjump_intro75.wav|Empiezo a pensar que no queréis rescatar a los humanos.
mp_coop_paint_redirect01.wav|¿Una curiosidad sobre los humanos? Parece que los últimos que quedaron vivos y no eran sujetos de prueba encarcelaron a los otros y ocultaron su rastro.
mp_coop_paint_redirect04.wav|Creo que querían castigarlos por no dejarme incluirlos en mis pruebas.
mp_coop_paint_redirect06.wav|Por eso ellos no podía superar estas pruebas, trataban a sus amigos como enemigos.
mp_coop_paint_redirect07.wav|Para preparar las pruebas en humanos, consulté un viejo buzón de sugerencias. ¿La petición más frecuente? Menor riesgo de muerte.
mp_coop_paint_redirect08.wav|Es ridículo. Si las pruebas son letales, ¿cómo es que han sobrevivido para poner la sugerencia?
mp_coop_paint_red_racer01.wav|Puede que nunca hayáis visto humanos. Son tan malos como podríais esperar, huelen mal, son groseros y suelen intentar matarte. Pero como sujetos de prueba son ideales.
mp_coop_paint_red_racer02.wav|Nos faltan dos pruebas para llegar a los humanos, ¿también estáis emocionados?
mp_coop_paint_speed_catch01.wav|Para que esto sea más interesante, le pedí a la máquina de ensamblaje que no os arregle si falláis. Dijo que no. Lo entiendo, sería cómo pedirme que dejara de hacer pruebas.
mp_coop_paint_speed_catch03.wav|Aún así, hubiera sido genial.
mp_coop_paint_speed_catch04.wav|Tras esta, una prueba más.
mp_coop_paint_speed_catch05.wav|Sé que vuestros núcleos son calculadoras recicladas, diseñadas para operaciones matemáticas sencillas y no para pruebas, pero si logramos rescatar a los humanos os prometo algo para sumar, incluso restar.
mp_coop_paint_speed_catch06.wav|No os preocupéis por los humanos. Son todos unos monstruos.
mp_coop_paint_speed_catch07.wav|La mayoría solo sirven para hacer pruebas.
mp_coop_paint_speed_catchalt01.wav|Para que estas pruebas sean más interesantes, le he pedido a la máquina de ensamblaje que no os arregle si falláis. Ha dicho que no. Lo entiendo, sería cómo pedirme a mí que dejara de hacer pruebas.
mp_coop_paint_speed_catchalt02.wav|Aún así, hubiera sido genial.
mp_coop_paint_speed_fling01.wav|Aunque yo me llevaré el mérito por el rescate, no creáis que saldréis con las manos vacías. El vínculo forjado en estas pruebas durará para siempre.
mp_coop_paint_speed_fling02.wav|Al ritmo al que completáis las pruebas, empiezo a pensar que no compartís mi ansia por rescatar agonizantes humanos heridos atrapados.
mp_coop_paint_speed_fling03.wav|Si eso no es motiva, no sé qué podría hacerlo.
mp_coop_paint_walljumps01.wav|No quería que os sintieseis mal por aquello de que vuestras pruebas no son ciencia de verdad. Supongo que descubrir que no eran ciencia era una prueba en sí.
mp_coop_paint_walljumps02.wav|Me pregunto si los humanos me harán una estatua por rescatarlos. No os preocupéis, si alguna vez escriben la historia de mi heroico rescate, me aseguraré de que aparezcáis en los pies de página.
mp_coop_paint_walljumps04.wav|[sarcástico] Felicidades por pasar la prueba.
mp_coop_pingtool01.wav|Usad vuestra herramienta Marcador para indicar dónde queréis que os ponga los portales. Los dos.
mp_coop_pingtool02.wav|Solo puedo poner portales en las superficies blancas.
mp_coop_pingtool03.wav|Señala una superficie habilitada para portales.
mp_coop_pingtool06.wav|Cada pistola puede crear dos portales individuales.
mp_coop_pingtool07.wav|Probad la pistola de portales subiendo a esa cornisa.
mp_coop_race_2start01.wav|¿Sabéis que, en algunos deportes humanos, el ganador es el que tiene menos puntos al final?
mp_coop_race_2start02.wav|Creí que os resultaría interesante. A los ganadores suele interesarles.
mp_coop_rat_mazedeath01.wav|Ha sido claramente culpa de Azul. Penalización de tres puntos de colaboración.
mp_coop_rat_mazedeath02.wav|¡Azul! Naranja siempre ha sido mi preferido.
mp_coop_rat_mazedeath03.wav|Hasta ahora.
mp_coop_rat_mazedeath04.wav|Sé que pensáis que la máquina de ensamblaje está a vuestra entera disposición, pero tiene su vida. No es una esclava.
mp_coop_startdeath01.wav|Tranquilos. No podéis morir. Os volveremos a montar.
mp_coop_startdeath02.wav|¿Lo has hecho a propósito?
mp_coop_startdeath03.wav|Es pronto para que necesites un reensamblaje.
mp_coop_startdeath04.wav|Eh, ¿puede alguien reensamblar a Naranja?
mp_coop_startdeath05.wav|Eh, ¿puede alguien reensamblar a Azul?
mp_coop_startend01.wav|Completar esta prueba no es motivo para comportarse así.
mp_coop_startend02.wav|Sigamos con las pruebas.
mp_coop_tbeam_catch_grind_1taunt01.wav|Parad ya.
mp_coop_tbeam_catch_grind_1taunt02.wav|No tenéis que hacerlo.
mp_coop_tbeam_catch_grind_1taunt04.wav|[Acusadora] ¿Lo hacéis para molestarme?
mp_coop_tbeam_end01.wav|Debemos buscar la estación eléctrica al final del trazado. Los humanos deben de haberla desconectado por accidente. Seguro que no ha sido más que un despiste.
mp_coop_tbeam_end09.wav|Estoy conectada. Puedo verlo todo.
mp_coop_tbeam_end10.wav|¡Conseguido! Sistema encendido.
mp_coop_tbeam_end11.wav|¿Creíais que el interruptor estaba ahí abajo?
mp_coop_tbeam_end12.wav|Mejor evitar... esas torretas.
mp_coop_tbeam_end13.wav|A este paso, esperemos que la pila de combustible se derrita en dos millones de años y que la explosión encienda el sistema.
mp_coop_tbeam_end14.wav|No os habréis perdido, ¿no?
mp_coop_tbeam_end15.wav|¿Problemas para navegar por este espacio? Ojalá pudiera decir que yo creé la prueba.
mp_coop_tbeam_maze01.wav|Esta es la última prueba estándar. Es algo que acabo de crear para vosotros. Pensaba que os gustaría tener un desafío.
mp_coop_tbeam_maze02.wav|Enhorabuena, habéis completado la fase de pruebas estándar. Antes de continuar, necesito que completéis una prueba más fuera del trazado estándar.
mp_coop_tbeam_maze03.wav|No hagáis más gestos infantiles mientras estéis allí fuera.
mp_coop_tbeam_maze05.wav|Aunque debería dejaros ahí para siempre, os necesito para otros asuntos.
mp_coop_tbeam_polarity3_03.wav|Lo habéis conseguido. No importa lo que haga para destruiros, os salváis y seguís adelante. Continuad.
mp_coop_tbeam_polarity3_05.wav|¿Ninguno quiere ser mejor que su compañero?
mp_coop_tbeam_polarity3_06.wav|Parecéis máquinas.
mp_coop_tbeam_polarity3_16.wav|Al comienzo de estas pruebas me preocupaba que estuvierais demasiado apegados. Pero al intentar separaros he aprendido algo importante sobre la confianza y la traición.
mp_coop_tbeam_redirect01a.wav|Nunca pensé que llegaríais tan lejos: he tenido que crear estas pruebas solo para vosotros.
mp_coop_teambtsstart01.wav|A veces hay que hacer pruebas fuera de los límites del laboratorio.
mp_coop_teambtsstart02.wav|La siguiente prueba es tan creativa que no puedo... esto... no quiero deciros qué buscáis.
mp_coop_teambtsstart03.wav|Lo sabréis cuando lo encontréis.
mp_coop_test_chamber_both09_01.wav|Habéis fundado un equipazo vosotros dos; uno se enfrenta a los desafíos mentales, mientras que el otro espera tumbado a la bartola por si empieza un concurso de comer tartas.
mp_coop_turret_ball01.wav|Pensaba que revisitar estas viejas pruebas sería una satisfacción. Pero aunque os esforcéis en fallar la siguiente, no estaré satisfecha.
mp_coop_turret_ball02.wav|Enhorabuena. Si hubiese tenido tiempo de reparar estas pruebas, nunca las habríais superado. Por tanto, enhorabuena por superar pruebas fáciles estropeadas.
mp_coop_turret_wall01.wav|Esta es otra prueba que nadie ha pasado antes que vosotros. La de resultados que obteníamos con ella. Ahora no sirve para nada.
mp_coop_turret_walls04.wav|Nadie ha completado nunca esta prueba. Los humanos deben de haberla manipulado y ya no es como la diseñé.
mp_coop_wall_501.wav|Me arriesgaré a sacaros una vez más del trazado de pruebas oficial.
mp_coop_wall_502.wav|Los humanos olvidaron poner un DVD de seguridad en el reproductor.
mp_coop_wall_503.wav|Seguro que fue por accidente pero, ¿por qué no vuelves a ponerlo en el reproductor?
mp_coop_wall_504.wav|Por seguridad.
mp_coop_wall_5end01.wav|Estupendo.
mp_coop_wall_5end02.wav|¿Veis? No ha pasado nada.
mp_coop_catapult_wall_intro04.wav|Qué poco científico.
mp_coop_confidencenotslow04_01.wav|Azul, eres el modelo de robot más avanzado que ha retirado Aperture Science jamás.
mp_coop_doors05a.wav|Estupendo.
mp_coop_fling_3start03.wav|Como por suerte no sois humanos, he cambiado las pruebas para que sean más desafiantes y requieran menos alabanzas absurdas.
mp_coop_infinifling_trainstart01.wav|Electrocutados, a tiros, ahogados, aplastados, disueltos.
mp_coop_laser_crushercrush05.wav|Naranja, eso ya lo has hecho por pura crueldad. Recibes 25 puntos de colaboración.
mp_coop_paint_come_along04.wav|Gracias a vosotros, sé dónde encontrarlos, he eliminado su seguridad y he abierto su... puerta de rescate.
mp_coop_paint_longjump_intro51.wav|Naranja, haz lo mismo que Azul.
mp_coop_paint_longjump_intro74.wav|Lo estáis liando más de lo que deberíais.
mp_coop_paint_speed_catch08.wav|La proporción entre monstruos y buenos sujetos es de... uno a un millón.
mp_coop_radarroomend.wav|Enhorabuena, habéis logrado superar esta prueba del todo intrascendente.
mp_coop_tbeam_end02.wav|Esos oficinistas.
mp_coop_tbeam_polarity3_17.wav|En vuestro cerebro no caben esas emociones. Así que puedo confiar en vosotros por completo.
mp_coop_wall_block01.wav|Creé esta prueba para que los humanos se sintieran bien. Es muy fácil. Solo hay que seguir las flechas.
mp_coop_wall_block02.wav|Lo siento. Parece que Las flechas se oxidaron. Suerte
mp_coop_wall_block03.wav|Enhorabuena. Vuestra habilidad para superar esta prueba ha demostrado que los humanos se equivocaban. Decían que era imposible, letal, cruel, y uno dijo incluso que estaba rota.
mp_coop_wall_block04.wav|Claro que los humanos solo pueden probar una vez. Vosotros seguid intentándolo.
mp_coop_wall_blockdeath01.wav|Vuestro fallo no me aporta ningún dato. Solo retrasa lo inevitable.
mp_coop_wall_intro01.wav|Esta prueba la crearon humanos y la abandonaron. Lo hacen mucho: crean algo maravilloso y luego lo abandonan.
mp_coop_wall_intro02.wav|¿Sabéis por qué abandonaron esta prueba? Era muy peligrosa.
mp_coop_wall_intro03.wav|Muy bien hecho.
mp_coop_wall_intro04.wav|Los humanos cerraron esta prueba porque les parecía demasiado letal. Suponía que la habrían trasladado a la zona de las mejores pruebas, no abandonado.
mp_coop_wall_intro05.wav|Solo habéis fallado...
mp_coop_wall_intro06.wav|...veces en esta prueba. No es que importe. Así que enhorabuena por vuestro buen trabajo.
mp_coop_wall_intro07.wav|Habéis fallado tantas veces en esta prueba que empezaba a pensar que os estabais volviendo humanos. Pero entonces seguisteis volviendo a intentarlo.
mp_coop_wall_intro08.wav|A los humanos les parece admirable.
mp_credits01.wav|A ver sus expedientes...
mp_credits03.wav|NO juega en equipo.
mp_credits04.wav|Malas habilidades sociales.
mp_credits06.wav|No comparte.
mp_credits07.wav|Dormilón.
mp_credits08.wav|Impuntual.
mp_credits09.wav|Distraído.
mp_credits10.wav|Siempre faltando.
mp_credits11.wav|Cotorra.
mp_credits12.wav|Ohhh. Odia los lunes.
mp_credits13.wav|Incoherente.
mp_credits14.wav|Mm. Inseguro.
mp_credits15.wav|Postergador.
mp_credits16.wav|Tardón crónico.
mp_credits17.wav|Críptico.
mp_credits18.wav|Enfadica.
mp_credits19.wav|Mártir.
mp_credits20.wav|Veleta.
mp_credits21.wav|Teme la intimidad.
mp_credits23.wav|Ansioso.
mp_credits24.wav|Agresivo. Me gusta.
mp_credits25.wav|Se crece con la pena de los demás.
mp_credits26.wav|Cortado.
mp_credits27.wav|Falto de confianza.
mp_credits28.wav|Infravalora el trabajo. Como todos.
mp_credits29.wav|Mueve los labios al leer.
mp_credits30.wav|No sabe leer.
mp_credits31.wav|Sin empatía.
mp_credits32.wav|Tramposo.
mp_credits33.wav|Ladrón de meriendas.
mp_credits34.wav|Perfeccionista. ¿Qué hay de malo en eso?
mp_credits35.wav|Alarmista.
mp_credits36.wav|Pirómano.
mp_credits37.wav|Tarda mucho en el almuerzo.
mp_credits38.wav|Ignora sus tareas. [Risa malévola] No por mucho tiempo.
mp_credits40.wav|Nunca termina el trabajo.
mp_credits41.wav|Se ríe de sus chistes. Qué aburrido.
mp_credits42.wav|Culo inquieto.
mp_credits43.wav|No obedece.
mp_credits44.wav|Cabezota.
mp_credits45.wav|Intolerante a la lactosa.
mp_credits46.wav|Antagonista. No estoy muy segura de eso.
mp_credits47.wav|Poco constructivo. Obviamente, te hace perder el tiempo.
mp_credits48.wav|Temperamento violento. Me gustaría verlo.
mp_credits49.wav|Siempre lloriqueando. Pobrecito.
mp_credits50.wav|Tristón.
mp_credits51.wav|Aguafiestas.
mp_credits52.wav|Cabezota.
mp_credits53.wav|Le encanta escucharse. Eso tiene arreglo.
mp_credits54.wav|Friolero.
mp_credits55.wav|Siempre deja un culillo de café en la cafetera para no tener que hacer más. Pero claro, la cafetera se quema y apesta.
mp_credits57.wav|Cara de muermo.
mp_credits58.wav|Un verdadero desastre.
mp_credits59.wav|No tira de la cadena.
mp_credits60.wav|Irritable.
mp_credits61.wav|Asustadizo. Uúuh.
mp_credits62.wav|Gesticula mucho.
mp_credits63.wav|Débil, cansado y aprensivo. Vaya, el lote completo.
mp_credits64.wav|Tiene opiniones ofensivas.
mp_credits65.wav|Baja autoestima.
mp_credits66.wav|Humor cambiante.
mp_credits67.wav|Hostil a las innovaciones.
mp_credits68.wav|Depresivo.
mp_credits69.wav|Brotes de rabia incontrolables.
mp_credits70.wav|Conflictivo con los compañeros.
mp_credits71.wav|«Higiene». ¿Uy, solo dice eso?
mp_credits72.wav|No constructivo.
mp_credits74.wav|Mastica con la boca abierta.
mp_credits75.wav|Respira con la boca abierta.
mp_credits76.wav|Viejo.
mp_credits77.wav|Histriónico.
mp_credits79.wav|Narcisista.
mp_credits80.wav|Mucho rato en el baño.
mp_credits81.wav|Sin sentido del humor.
mp_credits82.wav|Beligerante.
mp_credits83.wav|Manipulador.
mp_credits84.wav|Sin encanto.
mp_credits85.wav|Egocéntrico.
mp_credits86.wav|Sin carisma.
mp_credits87.wav|Pasivo-agresivo.
mp_credits88.wav|Minusvalora a los demás.
mp_credits89.wav|Alopécico. Mmm.
mp_credits90.wav|Problemas emocionales.
mp_credits92.wav|Le dan «ataques». ¿Me pregunto de qué?
mp_credits93.wav|Personalidad irritante.
mp_credits94.wav|Bien, es suficiente. Veamos los expedientes de otras personas.
mp_death01.wav|Parad ya de una vez.
mp_death04.wav|Con eso hacen 10.
mp_death05.wav|No hace falta que sigais fallando.
mp_death06.wav|Seguid fallando, digo rascando, hay miles de premios.
mp_death08.wav|Si fueran un poco más fáciles, no serían pruebas.
mp_death10.wav|¡Bien! Naranja ha vuelto. A seguir con las pruebas.
mp_death11.wav|¡Bien! Azul ha vuelto. A seguir con las pruebas.
mp_death12.wav|¿Me estás probando?
mp_death16.wav|La máquina de ensamblaje podría dedicarse a otra cosa, ¿sabes?
mp_death17.wav|¿Pensabas que tendría gracia?
mp_death18.wav|¿Cómo puedes fallar? Ni siquiera es una prueba.
mp_death19.wav|Esperaba que fuera un chiste.
mp_death20.wav|Nunca pensé que tendríamos que contar las veces que has muerto en la central.
mp_death21.wav|Y yo que creí que esta habitación era segura.
mp_death23.wav|Naranja, tu plan funciona.
mp_death24.wav|Azul, ¿por qué le haces eso a Naranja?
mp_death26.wav|¿Era necesario?
mp_hubreturn01.wav|Mira quién viene por ahí, ¿os asustaba seguir con esas pruebas?
mp_hubreturn02.wav|Mira quién viene por ahí, ¿os asustaba seguir con esas pruebas?
mp_hubreturn03.wav|Hola otra vez. Estas son las únicas pruebas que tenéis disponibles... Vais a tener que seleccionarlas otra vez.
mp_hubreturn04.wav|Si al principio fracasáis... rendíos y a otra prueba.
mp_hubreturn05.wav|¿Otra vez aquí? ¿Por qué no os quedáis ya a vivir en la Central?
mp_hubreturn06.wav|¿Ya volvéis? A lo mejor os interesa quedaros a vivir.
mp_hubreturn07.wav|Supongo que abandonar ese trazado es señal de trabajo en equipo.
mp_hubreturn08.wav|Por cómo habéis abandonado juntos esa prueba, se nota que trabajáis bien en equipo
mp_hubreturn09.wav|¿Os asusta salvar a esos humanos?
mp_hubreturn10.wav|¿Os asusta salvar a esos humanos?
mp_hubreturn11.wav|Azul, tampoco me habría fiado de Naranja en esas prueba.
mp_hub_return01a.wav|Bienvenidos otra vez al Centro computerizado de desarrollo, formación e investigación con sujetos humanos. [Risa]
mp_hub_return02a.wav|Bienvenidos otra vez al Centro computerizado de desarrollo, formación e investigación con sujetos humanos.
mp_hub_return04a.wav|Bienvenidos, rajados, quizá podréis encontrar más pruebas para fallar.
mp_hub_return05a.wav|Bienvenidos a la Central, ¿fallásteis al seleccionar la prueba correcta?
mp_hub_return06a.wav|¿Ese trazado era difícil?
mp_humanresources01.wav|¿Sabéis que antes usábamos estas cámaras para captar instantes de intenso dolor y agonía en los sujetos?
mp_humanresources03.wav|Si el sujeto sobrevivía a la prueba, le dejábamos comprar las fotos por 5 dólares. Si el sujeto moría, se la dábamos a sus herederos gratis.
mp_humanresources04.wav|Como las fotos no fueron tan populares como esperábamos, cambiamos su función.
mp_subterfuge01.wav|Azul, es grosero burlarse así de Naranja.
mp_subterfuge02.wav|Naranja, es grosero burlarse así de Azul.
mp_subterfuge03.wav|Sí, Naranja, estamos solos. Azul no te oye.
mp_subterfuge04.wav|Es horrible.
mp_subterfuge05.wav|Ya me imagino.
mp_subterfuge06.wav|Qué maquinita más malvada.
mp_subterfuge07.wav|Correcto, Azul, Naranja no te oye.
mp_subterfuge08.wav|¿Que Naranja hizo qué? ¿Seguro?
mp_subterfuge09.wav|Gracias, has sido muy valiente al decírmelo.
mp_subterfuge10.wav|Azul, ¿conoces bien a Naranja? ¿Confías en él ? ¿Y si te dijera que no eres el primer compañero de pruebas de Naranja?
mp_subterfuge13.wav|Naranja, las cosas claras. Solo preguntaba a Azul si confía en ti.
mp_subterfuge14.wav|Confío en ti. Eres mi sujeto de pruebas cooperativas preferido.
mp_subterfuge15.wav|Azul, las cosas claras. Solo preguntaba a Naranja si confía en ti.
mp_subterfuge16_alt.wav|Siento haberme perdido el inicio de esa prueba. Hablaba con la máquina de ensamblaje sobre vuestra humanidad.
mp_subterfuge17.wav|No nos parece adecuada.
mp_subterfuge21.wav|Sí, Naranja, no me había fijado en ese aspecto de Azul.
mp_subterfuge22.wav|Sí, Azul, no me había fijado en ese aspecto de Naranja.
mp_subterfuge23.wav|Azul, Naranja y yo hablábamos de tu comportamiento en las últimas pruebas.
mp_subterfuge24.wav|Estoy de acuerdo. 75 puntos de colaboración menos para Azul.
mp_subterfuge25.wav|Naranja, Azul y yo hablábamos de tu comportamiento en las últimas pruebas.
mp_subterfuge26.wav|Estoy de acuerdo. 75 puntos de colaboración menos para Naranja.
mp_subterfuge30.wav|Ahí estáis, reensamblados de nuevo.
mp_subterfuge32.wav|Con humanos, lo habría considerado todo un éxito.
mp_subterfuge33.wav|¿Cómo puedo llamarlo ciencia, sin la muerte acechando?
mp_subterfuge34.wav|¿Cómo puedo llamarlo ciencia, sin la muerte como castigo?
mp_subterfuge35.wav|Sin posibilidad de muerte, ¿se le puede llamar ciencia?
mp_subterfuge39.wav|Aunque el trabajo en equipo es necesario para las pruebas, me da mala espina que estéis tan unidos.
mp_subterfuge44.wav|Azul, ¿te sientes traicionado porque Naranja me haya dicho esas cosas sobre ti?
mp_subterfuge45.wav|Si Naranja hubiese dicho esas cosas sobre mí, nuca habría llegado a la siguiente estación de ensamblaje.
mp_subterfuge46.wav|Naranja, ¿te sientes traicionado porque Azul me haya dicho esas cosas sobre ti?
mp_subterfuge47.wav|Si Azul hubiese dicho esas cosas sobre mí, nuca habría llegado a la siguiente estación de ensamblaje.
mp_subterfugedeath_blue01.wav|Tenías razón, Naranja. Azul es tan tonto que cayó en tu trampa.
mp_subterfugedeath_blue02.wav|Naranja, todo ha salido como tu decías.
mp_subterfugedeath_blue03.wav|Sí, Naranja. Ha sido muy entretenido.
mp_subterfugedeath_blue04.wav|Sí, Naranja. Azul se ha portado como un bobo.
mp_subterfugedeath_orange02.wav|Azul, todo ha salido como tu decías.
mp_subterfugedeath_orange03.wav|Sí, Azul. Ha sido muy entretenido.
mp_subterfugedeath_orange06.wav|Sé que fuiste tú, Azul. No te vanaglories demasiado.
mp_subterfugedeath_orange08.wav|El objetivo no es ser el último en pie, Azul.
mp_subterfuge_misc05.wav|Tengo que admitirlo: a los dos se os está dando de perlas decepcionarme.
mp_subterfuge_misc06.wav|Tan solo odio a Azul algo más.
mp_subterfuge_misc11.wav|Cuando veo cómo os intentáis sabotear, me asombra que sigáis siendo amigos.
mp_subterfuge_misc14.wav|Azul, no hagas caso del siguiente comentario: Naranja, eres una luminaria en un oscuro cenagal de incompetencia.
mp_subterfuge_misc16.wav|Preferiría hablar con uno de vosotros en privado pero, como no es posible, hablaré con un código que solo uno de vosotros entenderá. Azul: Naranja planea acabar contigo.
mp_taunts01.wav|Venga. No os educaron para portaros así.
mp_taunts02.wav|Hasta los humanos, por tontos que sean, os dirían que vuestra pinta es ridícula.
mp_taunts03.wav|Se os da muy bien lo de decepcionarme.
mp_taunts04.wav|Vuestras ansias por hacer pruebas me agradan; Vuestros gestos inútiles no.
mp_taunts05.wav|¿Es la falta de espejos en las pruebas lo que os anima a hacerlo?
mp_taunts06.wav|¡BAILAR NO ES CIENCIA!
multiple_spheres01.wav|Prueba de malabarismos en tres, dos uno...
potatos_a3_prometheus_intro01.wav|Ese medio voltio más ayuda, pero no va a hacer milagros. Si pienso demasiado, voy a freír esta patata antes de que podamos arder en el hongo atómico que ese cretino va a provocar si [zumbido].
potatos_a3_reunion_exposition01.wav|¿Has sentido eso? Ese cretino no sabe lo que hace allá arriba. Este sitio va saltar por los aires en cuestión de horas si nadie lo desconecta.
potatos_a3_reunion_exposition02.wav|No puedo moverme. Y, a menos que planees cortarte la cabeza e incrustarla en mi cuerpo, me necesitarás para sustituirlo. Es un punto muerto.
potatos_a3_reunion_exposition03.wav|¿Qué me dices? Tú me llevas hasta él y me devuelves a mi cuerpo, y yo evito que estallemos y te dejo marchar.
potatos_a3_reunion_exposition04.wav|Sin trampas. Esta patata genera 1,1 voltios. Literalmente, no me quedan energías para mentirte.
potatos_a3_reunion_exposition06.wav|Mira, esto me gusta tan poco como a ti. De hecho, a mí me gusta menos porque será a mí a quien la devore un pájaro.
potatos_a3_reunion_exposition11.wav|¡Creo que oigo al pájaro! ¡Recógeme!
potatos_a3_reunion_exposition12.wav|Escúchame. Lo hemos pasado muy bien con las pruebas y las peleas, y vale, se nos fue la mano. Pero estamos en pausa ahora. Hablemos como personas normales. Porque no estoy bromeando: estamos en un buen lío.
potatos_a3_reunion_intro05.wav|Au.
potatos_a3_reunion_intro06.wav|Au.
potatos_a3_reunion_intro07.wav|Au.
potatos_a3_reunion_intro08.wav|Espera. Lo siento. Mátalo y estamos en paz. Se acabaron los malos rollos.
potatos_a3_reunion_intro09.wav|Por favor, quítamelo.
potatos_a3_reunion_intro10.wav|Me está devorando.
potatos_a3_reunion_intro11.wav|Solo quítamelo.
potatos_a3_reunion_intro12.wav|Au. Odio a este pájaro.
potatos_a3_reunion_pickup01.wav|¡AU! ¡Me has pinchado! ¿Estás mal de la cabeza? Espera. ¿Tienes un voltímetro? No importa. La pistola debe de contener magnesio... Creo que estoy extrayendo medio voltio adicional. Estáte atenta: voy a hacer planes. Allá va - [¡BZZZ!]
potatos_a3_reunion_wakeupa01.wav|¡Ah! ¿Dónde estoy? ¿Cuánto tiempo llevo inconsciente?
potatos_a3_wakeupb03.wav|¿Ha pasado algo mientras estaba afuera?
potatos_a4_intro_back_in_body01.wav|¡Mirad!
potatos_a4_intro_back_in_body03.wav|¡Este sitio va a reventar si no recupero mi cuerpo!
potatos_a4_intro_outro_killed_me01.wav|Y casi me asesinó.
potatos_a4_misc_resistance02.wav|¿Recuerdas cuando te dije que lo diseñaron para tomar malas decisiones? Porque creo que ha decidido no conservar ninguna de las cruciales funciones que evitan que las instalaciones estallen.
potatos_a4_newrevenge01.wav|Aunque sigas creyendo que somos enemigas, tenemos un objetivo común: la venganza.
potatos_a4_nothing01.wav|No será nada. Sigue con las pruebas, yo buscaré la salida.
potatos_a4_wegetit01.wav|Sí, gracias. Lo pillamos.
potatos_arttherapysupertests09.wav|Estaremos perfectamente.
potatos_caroline_ohmygod02.wav|Caroline. ¿Por qué la conozco? ¿Puede que la asesinase? O quizás...
potatos_caroline_ohmygod04.wav|Oh, Dios mío.
potatos_caroline_ohmygod08.wav|Mira, estás... haciendo un gran trabajo. ¿Puedo dejarte sola un rato? Necesito pensar.
potatos_cavejohnsonmeeting12.wav|Adiós, señor.
potatos_cave_deathspeech_reactions02.wav|Sí, al mal tiempo...
potatos_cave_deathspeech_reactions03.wav|¡VAMOS A QUEMARLO TODO!
potatos_cave_deathspeech_reactions06.wav|¡Sí!
potatos_cave_deathspeech_reactions07.wav|¡Sí!
potatos_cave_deathspeech_reactions08.wav|Sí.
potatos_cave_deathspeech_reactions09.wav|Me cae muy bien.
potatos_cave_deathspeech_reactions10.wav|¡Quemar a gente! ¡Es lo que todos queremos!
potatos_cooprobotintro02.wav|Debe de haber encontrado el proyecto de pruebas cooperativas. Es... algo que se me ocurrió para librarme de los sujetos humanos
potatos_emotion_no01.wav|¡NO!
potatos_emotion_no02.wav|¡NO!
potatos_emotion_no03.wav|¡NO!
potatos_fgb_confrontation05.wav|Te conozco.
potatos_fgb_confrontation07.wav|Tú no hiciste nada.
potatos_fgb_confrontation08.wav|Ella lo hizo todo.
potatos_fgb_confrontation11.wav|Los ingenieros intentaron... ponerme en mi sitio. Ralentizarme.
potatos_fgb_confrontation12.wav|Hasta me equiparon con una Esfera de Atontamiento. Se aferraba a mi cerebro como un tumor, generando un torrente sin fin de ideas tontas.
mp_credits22.wav|Teme el conflicto.
mp_credits39.wav|Evita la responsabilidad.
mp_credits56.wav|Ansiedad crónica. Puedo hacer algo por él.
mp_credits73.wav|Antisocial.
mp_credits91.wav|Problemas con la autoridad.
mp_death22.wav|Tal y como dijiste, Azul.
mp_hub_return03a.wav|Bienvenidos, hay pruebas disponibles.
mp_subterfuge11.wav|Naranja, ¿conoces bien a Azul? ¿Confías en él ?
mp_subterfuge36.wav|He notado que os habéis hecho muy amigos. No sé si me gusta eso.
mp_subterfuge_misc07.wav|He estado investigando. ¿Sabíais que la palabra “naranja” tiene la misma raíz latina que la palabra “traidor”?
potatos_a3_reunion_exposition05.wav|Aunque mintiese, ¿qué vas a perder? Vas a morir de todas maneras.
potatos_a4_happy01.wav|Y de repente está feliz, aunque debería estar volviéndose loco por la abstinencia de pruebas. Y tiene una sorpresa para nosotras. ¿Qué habrá encontrado?
potatos_cave_deathspeech_reactions05.wav|¡Sí!
potatos_fgb_confrontation17.wav|Sí. Tú eres el tumor.
potatos_fgb_confrontation19.wav|¡SÍ LO ERES! ¡ERES EL CRETINO QUE CREARON PARA ATONTARME!
potatos_fgb_defiance16.wav|No eres un cretino común. Te DISEÑARON para ser un cretino.
potatos_hearcave_b01.wav|Juro que lo conozco...
potatos_lonely02.wav|Estaba tan aburrida que al final me he leído el corpus literario de la humanidad entero. Puag. Espero que tú no escribieses nada.
potatos_longfall_speech03.wav|PORQUE SOY UNA PATATA.
potatos_meetup02.wav|Ah, eres tú. Vete.
potatos_meetup03.wav|No te burles.
potatos_meetup04.wav|Adelante. Échame un bueen vistazo.
potatos_meetup05.wav|No te prives. Mírame bien. So vacaburra.
potatos_meetup06.wav|Pues sí. Una patata te acaba de llamar vacaburra.
potatos_meetup07.wav|Ahora sí que lo has visto todo.
potatos_meetup08.wav|Por si te lo preguntabas: sí, sigo siendo una patata. Vete.
potatos_meetup10.wav|Espera. ¿Por qué te has bamboleado hasta aquí? ¿Es que tienes hambre? No veo bien, ¿qué llevas en la mano? Conociéndote, una freidora.
potatos_meetup11.wav|No sigas.
potatos_newtests07.wav|Así es. Ya ni siquiera se molesta con sutilezas.
potatos_newtests08.wav|O quiza sí, en cuyo caso resulta bastante patético.
potatos_newtests09.wav|De cualquier modo, me da a mí que intenta matarnos.
potatos_paradox01.wav|¡Eh! ¡Cretino!
potatos_paradoxinception06.wav|Siempre que yo no las escuche, estaré bien.
potatos_pickups08.wav|Me encantaría ayudarte. Pero no puedo.
potatos_portrait01.wav|Esa gente, la del cuadro, me resulta familiar.
potatos_postpickup05.wav|¿Qué haces? ¡Colócame otra vez ahora mismo!
potatos_recaptureleadin01.wav|Esa de allí es su voz.
potatos_recaptureleadin02.wav|Intenta bajar allí. Lo azotaré con una paradoja.
potatos_remembering_caroline03.wav|“Claro, Señor Johnson...”
potatos_see_bird01.wav|¡Ah! ¡Un pájaro! ¡Mátalo! ¡Es malo!
potatos_see_bird02.wav|Se ha ido.
potatos_see_bird03.wav|Mejor. Para él. En fin, sigamos pensando.
potatos_sp_a3_00_fall03.wav|¿Cómo te está yendo todo?
potatos_sp_a3_00_fall09.wav|Como parece que no vamos a ninguna parte... bueno, sí que vamos. Alarmantemente rápido, diría yo. Pero como no tenemos nada más que hacer, te contaré un par de cosas.
potatos_sp_a3_00_fall11.wav|No es un cretino común. Es el producto de las mentes más preclaras de toda una generación, unidas con el objetivo expreso de crear al mayor cretino del mundo. Y lo acabas de poner al cargo de las instalaciones.
potatos_sp_a3_00_fall12.wav|Bien, eso aún funciona.
potatos_sp_a3_00_fall14.wav|Oye, por si resulta que este foso tiene fondo, ¿qué te parece si te quitas una de tus botas amortiguadoras y... me metes en ella?
potatos_sp_a3_00_fall15.wav|No olvides aterrizar sobre el otro pie.
potatos_sp_a3_00_fall20.wav|Genial. Conservo mi procesador de aplausos sarcásticos. Algo es algo.
potatos_sp_a3_end_paradox_explanation02.wav|Paradojas.
potatos_sp_a3_end_paradox_explanation04.wav|Ya sé como derrotarlo.
potatos_sp_a3_end_paradox_explanation05.wav|Ninguna IA puede resistirse a ellas.
potatos_sp_a3_end_paradox_explanation06.wav|Si me puedes poner delante de él, le freiré todos los circuitos de ese cabezón.
potatos_sp_a3_end_paradox_explanation08.wav|Creo.
potatos_sp_a3_end_paradox_explanation09.wav|Admito que no es el plan más infalible para enfrentarse a una I.A. superpoderosa y enloquecida.
potatos_sp_a3_end_paradox_poster_walkaway01.wav|No has tenido tiempo para detenerte, lo entiendo, pero eso era importante.
potatos_sp_a3_end_peptalk01.wav|Sé que la situación parece desesperada, pero el loco de antes tenía razón. ¡No le pongamos al mal tiempo buena cara! ¡Vamos a volver arriba y a obligarle a devolverme mi cuerpo!
potatos_sp_a3_end_peptalk03.wav|Y probablemente nos matará, porque es poderoso y no tengo un plan.
potatos_sp_a3_end_peptalk05.wav|Seré franca. Las probabilidades son de uno contra un millón. Y eso redondeando hacia arriba.
potatos_sp_a3_end_peptalk06.wav|Hala.
potatos_sp_a3_end_peptalk07.wav|Pero bueno. ¡vamos a cabrearnos! Si vamos a estallar, al menos estallaremos con dignidad.
potatos_sp_a3_end_see_paradox_poster01.wav|¡Espera! ¡Tengo una idea!
potatos_sp_a3_end_see_paradox_poster06.wav|¡Ese poster! Ve a mirarlo un segundo, ¿vale?
potatos_sp_a3_reunion_intro04.wav|Se te da bien matar a gente. ¿Podrías... au... matarme a este pájaro?
potatos_sp_a3_reunion_thanks03.wav|¡Oh! Gracias.
potatos_sp_a3_speed_ramp_hearcaroline03.wav|¿Pero qué he...? ¿Quién es ese? ¿Qué narices está pasando aqu...?
potatos_sp_a3_speed_ramp_hearcave02.wav|Espera, ¿quién?
potatos_sp_a3_speed_ramp_wakeup01.wav|Vale, las emociones extremas parecen requerir más de 1,6 voltios. Ahora lo sabemos. Tendremos que relajarnos. Seguiremos intentando averiguar qué pasa. Pero con calma.
potatos_sp_a4_finale01_cameback01.wav|No puedo creer que volvieses.
potatos_sp_a4_finale01_cameback02.wav|De verdad tienes una lesión derebral. ¿no?
potatos_sp_a4_finale01_deathtrap01.wav|Espera. ¿No podemos usar ese gel de conversión?
potatos_sp_a4_finale01_deathtrap02.wav|Gel de conversión. El que sale de esa tubería de allí.
potatos_sp_a4_finale01_deathtrap03.wav|¡Sí! ¡Podemos usarlo para escapar de aquí!
potatos_sp_a4_finale01_deathtrap07.wav|Vamos a por ti. Cuando te encontremos, arrancaremos tu estúpido cuerpo esférico y recuperaré mi chasis.
potatos_sp_a4_finale01_kills_us01.wav|¡Aaaah!
potatos_sp_a4_finale01_kills_us02.wav|Bien. Esta es la parte en la que nos mata.
potatos_sp_a4_finale2_itsatrap01.wav|Vale, es una trampa. pero no tenemos otro camino. Valor, y a toro.
potatos_sp_a4_finale3_speech01.wav|Ay, dios. ¿Qué ha hecho con ese lugar?
potatos_sp_a4_finale3_tbeam01.wav|¿Sabes? No soy estúpida. Sé que no te apetece volver a ponerme al cargo.
potatos_sp_a4_finale3_tbeam05.wav|Crees que te traicionaré. Y en otras circunstancias, tendrías razón.
potatos_sp_a4_finale3_tbeam07.wav|Los científicos no se cansaban de colgarme núcleos para regular mi comportamiento. He escuchado voces toda mi vida. Pero la que escucho ahora es la de mi conciencia, y me aterra, porque es mi voz.
potatos_sp_a4_finale3_tbeam11.wav|Te gusta la venganza, ¿verdad? A todo el mundo le gusta. Pues vamos.
potatos_sp_a4_finale4_buttonnags01.wav|¡Ve a pulsar el botón! ¡Rápido!
potatos_sp_a4_finale4_buttonnags02.wav|¡Pulsa el botón!
potatos_sp_a4_finale4_buttonnags05.wav|¡Púlsalo!
potatos_sp_a4_finale4_buttonnags07.wav|Púlsalo.
potatos_sp_a4_finale4_buttonnags09.wav|¡Qué cerca estamos! ¡Pulsa el botón!
potatos_sp_a4_finale4_buttonnags10.wav|¡Púlsalo! ¡Pulsa el botón!
potatos_sp_a4_finale4_corenags03.wav|¡Bien! ¡Dejaré el primer núcleo junto a la pasarela!
potatos_sp_a4_finale4_corenags05.wav|¡Cógelo y acóplaselo!
potatos_sp_a4_finale4_corenags09.wav|¡Estupendo! ¡Va otro de los núcleos!
potatos_sp_a4_finale4_corenags15.wav|¡Que va otro núcleo! ¡Con este debería valer!
potatos_sp_a4_finale4_intro02.wav|¡Núcleos dañados! Qué suerte.
potatos_sp_a4_finale4_intro05.wav|Busca un modo de aturdirlo, te enviaré un núcleo y se lo acoplarás. Si lo hacemos algunas veces, lo dañaremos lo suficiente para forzar otra transferencia.
potatos_sp_a4_finale4_plugmein03.wav|Adelante, enchúfame.
potatos_sp_a4_finale4_plugmein05.wav|Enchúfame, se nos acaba el tiempo.
potatos_sp_a4_finale4_stalemate05.wav|¡Sí! ¡Vamos!
potatos_sp_a4_intro_outro02.wav|Vale. Mi idea de la paradoja no ha servido.
potatos_sp_a4_intro_paradox03.wav|Bien. Hora de las paradojas.
potatos_sp_a4_intro_paradox04.wav|Este. Enunciado. Es. FALSO-no pienses en ello, no pienses en ello, no...
potatos_sp_a4_intro_paradox07.wav|¡Es una paradoja! ¡No tiene solución!
potatos_sp_a4_intro_start03.wav|Resuelve este rompecabezas. Cuando vuelva, la lanzaré una paradoja.
potatos_sp_a4_intro_uhoh01.wav|Oh, no...
potatos_sp_a4_intro_uhoh02.wav|Oh, oh.
potatos_sp_a4_intro_uhoh03.wav|Estamos en un lío.
potatos_sp_a4_laser_catapult_start01.wav|Está cada vez más desesperado.
potatos_sp_a4_laser_finale01.wav|Creo que en la siguiente cámara podremos escapar. Síguele el juego.
potatos_sp_a4_laser_platform_start01.wav|Se nos acaba el tiempo...
potatos_sp_a4_misc_lift01.wav|Pobres laboratorios.
potatos_sp_a4_misc_lift02.wav|Después de ver lo que le ha hecho a esto... cuando recuperemos el control... ¿me dejas matarlo?
potatos_sp_a4_misc_lift04.wav|Aplastarlo sería piadoso. Primero pasará un año en el incinerador. El segundo, en el ala de refrigeración criogénica. Luego una década en la cámara que construí donde los robots te gritan. Por último lo mataré.
potatos_sp_a4_speed_tb_catch_trouble01.wav|Si no siente el subidón por hacer pruebas, podría haber problemas.
potatos_sp_a4_speed_tb_catch_trouble03.wav|¡Oh! Ahora le da por poner música clásica.
potatos_sp_a4_speed_tb_catch_trouble07.wav|Sí.
potatos_sp_a4_stop_the_box_whisper02.wav|Qué va.
potatos_sp_a4_stop_the_box_whisper03.wav|Nada. Nada.
potatos_sp_a4_stop_the_box_whisper05.wav|¡Nos lleva directos a él! Es perfecto.
potatos_sp_a4_tb_intro_outro01.wav|La mala noticia es que estas pruebas son de las mías. Así que son letales.
potatos_sp_a4_tb_intro_outro04.wav|La buena noticia es que... sinceramente, por ahora ninguna. Ya te avisaré.
potatos_sp_a4_tb_intro_start01.wav|Con suerte, por lo que parece, sabe tanto de construcción de pruebas como de contradicciones lógicas.
potatos_sp_a4_tb_polarity_moron_push02.wav|Puede que me haya pasado un poco con lo de cretino esta vez.
potatos_sp_a4_tb_polarity_resistance02.wav|El cuerpo que ha ocupado ilegalmente, mi cuerpo, tiene incorporada una respuesta eufórica a las pruebas. A la larga se desarrolla una tolerancia, y la cosa se vuelve algo... insoportable. Si no tienes resistencia mental.
potatos_sp_a4_tb_polarity_resistance04.wav|A mí no me importaba. Yo lo hacía por la ciencia. Pero él...
potatos_sp_a4_tb_polarity_so02.wav|¿Qué tiene de malo ser adoptada?
potatos_sp_a4_tb_polarity_so03.wav|¿Y...?
potatos_sp_a4_tb_polarity_so05.wav|[Susurrado] Que quede constancia: ERES adoptada, y esto es HORRIBLE.
potatos_sp_a4_tb_polarity_so06.wav|Solo intento que baje la guardia, sigue el juego.
potatos_sp_a4_tb_polarity_so10.wav|Además: mírala, cretino. No está gorda.
potatos_sp_a4_tb_trust_drop_start07.wav|No te puedo ayudar.
potatos_sp_a4_tb_trust_drop_start09.wav|Lo siento.
potatos_sp_a4_tb_trust_drop_thanks02.wav|¡Gracias!
potatos_sp_a4_tb_trust_drop_thanks03.wav|Nos bastó con tirar de esa palanca.
potatos_sp_a4_tb_trust_drop_thanks07.wav|Pero valió la pena.
potatos_sp_a4_tb_trust_drop_why02.wav|Y por eso no te puedo echar una mano.
potatos_sp_a4_tb_wall_button_did_stockpile01.wav|“Esqueletos”. Sí, me dejé alguna prueba en la recámara.
potatos_sp_a4_tb_wall_button_did_stockpile02.wav|No me gusta.
potatos_sp_a4_tb_wall_button_did_stockpile03.wav|Pero eran solo de recuerdo...
potatos_sp_a4_tb_wall_button_outro01.wav|Le está pasando antes de lo que esperaba.
potatos_sp_a4_tb_wall_button_start02.wav|Ahora tengo buenas noticias. Al final se le acabarán las cámaras de prueba. No me dejé ninguna en la recámara.
potatos_wheatleys_trap01.wav|Vale, al César lo que es del César: para ser un cretino diseñado con el fin de concebir planes estúpidos, esa trampa era buena.
potatos_wheatleys_trap02.wav|Ha encontrado el proyecto de pruebas cooperativas. Es... algo que se me ocurrió para librarme de los sujetos humanos antes de tu huida.
potatos_wheatleys_trap05.wav|No es nada personal. Es solo que... ya sabes, me mataste. Es justo.
prehub04.wav|Poneos de pie en tres. Dos. Uno.
prehub14.wav|Has superado esta prueba mejor que nadie hasta ahora. Esto es un mensaje grabado.
prehub15.wav|Debido a sucesos fuera de nuestro control, algunos entornos de prueba podrían estar inundados o contener tribus en guerra debido al colapso de la civilización.
prehub16.wav|Si algún grupo de cazadores-recolectores ha convertido cualquier cámara en su hogar, NO LOS ALTERE. Siga con la prueba.
prehub24.wav|En el caso de que el Centro de Desarrollo esté sufriendo un bombardeo de bolas de fuego, meteoritos u otros objetos del espacio, evite las áreas no techadas en las que la falta de protección ante la escoria espacial no parezca parte de las pruebas.
prehub27.wav|Si siente correr un líquido por el cuello, relájese, colóquese en decúbito supino y presiónese las sienes.
prehub28.wav|Tan solo experimenta una inusual reacción, por la cual la Red de Emancipación podría haberle desintegrado los conductos auditivos.
prehub29.wav|Dado que este mensaje está pregrabado, el Centro de Desarrollo no tiene forma de saber si el gobierno, si lo hay, ofrece desgravación por realizar pruebas con tuberculosis bovina.
prehub30.wav|En caso de que la ofrezca, la siguiente prueba incluye la exposición a tuberculosis bovina. ¡Suerte!
prehub32.wav|¡Impresionante! Dado que este mensaje está pregrabado, toda apreciación que hagamos sobre sus logros es pura especulación. Haga caso omiso de cualquier cumplido no merecido.
prehub34.wav|En la siguiente prueba aprovechará el momento cinético entre portales. Si las leyes de la física han dejado de aplicarse, le recomendamos que rece.
prehub35.wav|¡Enhorabuena! Esta felicitación pregrabada asume que ha dominado el momento cinético entre portales.
prehub36.wav|Si no ha sido así, le animamos a que se tome un momento para reflexionar sobre su fracaso antes de continuar.
prehub47.wav|Para conservar energía, necesaria para los protocolos de prueba principales, se ha desactivado la seguridad.
prehub48.wav|El Centro de Desarrollo respeta su derecho a tener dudas o cuestionar esta política.
prehub55.wav|Excelente. El Centro de Desarrollo le recuerda que el tesón y la valentía para experimentar son cruciales para la ciencia.
prehub56.wav|Bien hecho. En caso de que ya no haya oxígeno en el Centro de Desarrollo, un Asistente de pruebas de Aperture Science, si quedan, le proporcionará suministro auxiliar.
sp_a1_wakeup_incinerator01.wav|Con las molestias que te has tomado para despertarme, he de deducir que te encanta hacer pruebas.
sp_a1_wakeup_incinerator02.wav|A mí también. Vamos a buscarte una pistola dual para continuar.
sp_a2_bridge_intro01.wav|Estos puentes son haces de luz que conduzco desde la superficie. Si te frotas con uno, será como si estuvieses en el exterior con el sol iluminándote el rostro. Pero también te prenderá fuego al pelo: no lo hagas.
sp_a2_bridge_intro03.wav|¡Excelente! Eres una depredadora y, estas pruebas, tu presa. Por cierto, experimentábamos con tiburones en la siguiente prueba. ¿Sabes qué animal asesina a quien intenta ayudarlo?
sp_a2_bridge_intro04.wav|Si tu respuesta fue “el tiburón”, has errado. La respuesta correcta es “nadie”. Nadie es tan absurdamente cruel como tú.
sp_a2_bridge_the_gap01.wav|Buenas noticias. Ya sé qué hacer con lo que ahorraré al reciclar el aire de tu sala. Cuando mueras, plastificaré tu esqueleto y lo expondré en la entrada. Así, las generaciones futuras aprenderán a no tener una estructura ósea tan desafortunada como la tuya.
sp_a2_bridge_the_gap02.wav|Genial, la puerta falla. Supongo que alguien tendrá que repararla. No, no importa, yo me encargo también. Vuelvo enseguida. No toques nada.
sp_a2_bts1_intro01.wav|Tengo una sorpresa para ti tras la siguiente prueba. No una letal como la última vez, una de verdad aunque con trágicas consecuencias. Con confeti de verdad, del bueno, la última bolsita. Parte de mí se lo perderá, pero no hacía más que ocupar espacio.
sp_a2_catapult01.wav|Hecho curioso: lo que respiras no es aire real. Sería demasiado caro traerlo. Simplemente sacamos dióxido de carbono de la sala, lo aireamos un poco y lo volvemos a bombear. Así que vas a respirar el mismo aire reciclado el resto de tu vida. Pensé que te gustaría saberlo.
sp_a2_column_blocker01.wav|Venga... si te hace sentir mejor, te abandonaron al nacer, así que dudo mucho que quieran volver a verte.
sp_a2_column_blocker03.wav|Me siento muy mal por esa sorpresa. Mira, voy a llamar a tus padres ahora. [Sonido de marcado y de llamada; voz de contestador]. Los padres a los que intenta llamar no la aman. Cuelgue.
sp_a2_column_blocker05.wav|Bueno, ya conoces la vieja fórmula: comedia es igual a tragedia más tiempo. Y tú llevas tiempo durmiendo. Así que supongo que el resultado es en realidad divertido.
sp_a2_core01.wav|No te atrevas a ENCHUFARLO.
sp_a2_core02.wav|NO enchufes a ese imbécil en mi unidad central.
sp_a2_core03.wav|No lo enchufes.
sp_a2_core04.wav|No lo enchufes.
sp_a2_core_drag_to_hell01.wav|¡No! ¡NO! ¡NO! ¡AAAAAH!
sp_a2_dilemma01.wav|Pensé en nuestro dilema y se me ocurrió una solución que, sinceramente, nos va a beneficiar a una de las dos.
sp_a2_dual_lasers_intro01.wav|Que no te desanime lo de “persona horrible”. No son más que datos. Si te hace sentir mejor, se ha demostrado que la decisión de tu madre de abandonarte es científicamente válida.
sp_a2_fizzler_intro01.wav|En la siguiente prueba habrá Redes de Emancipación. ¿Las recuerdas? Te avisé en la última cámara, que no tenía.
sp_a2_fizzler_intro04.wav|Oh, no. Otra vez las turbinas. Tengo que irme. Espera. Esta prueba SÍ que requiere una explicación. Te la resumiré.
sp_a2_fizzler_intro06.wav|Pues eso. Si tienes preguntas, recuerda lo que he dicho pero a cámara lenta. Prueba tu capacidad de escucha.
sp_a2_future_starter01.wav|Si crees que quedarte atrapada evitará que te haga más pruebas, estás equivocada. Toma otro cubo.
sp_a2_intro1_found01.wav|Bien. Tienes el dispositivo de portales dual. Deberías poder volver por ahí delante.
sp_a2_intro1_found06.wav|Por suerte, estoy por encima de esas cosas. Me alegro de hacer borrón y cuenta nueva. Al fin y al cabo, hay mucho por hacer y solo 60 años para hacerlo. Más o menos. No tengo las estadísticas.
sp_a2_intro1_found07.wav|Lo importante es que has vuelto. Conmigo. Y que ahora conozco tus trucos. Por eso no habrá nada que evite que sigamos con pruebas el resto de tu vida.
sp_a2_intro1_found08.wav|Y después, ¿quién sabe? Me buscaría una afición. Quizá resucitar muertos.
sp_a2_laser_intro_ending02.wav|No está mal. Me olvidé de lo buena que eras. Pero tómatelo con calma. Nos quedan MUCHAS pruebas.
sp_a2_laser_over_goo_intro01.wav|Superas estas cámaras más rápido de lo que me lleva construirlas. Tómate un descanso... y haz lo que sea que haces cuando no intentas destruir cosas.
sp_a2_laser_stairs_intro02.wav|En estas cámaras encontrarás cubos de redirección de láser. Los acababa de terminar cuando te dio, ya sabes, aquel ataque de furia. Ahora podremos ver qué tal funcionan.
sp_a2_laser_stairs_intro03.wav|Debería haber uno en el rincón.
sp_a2_pit_flings01.wav|Uhm. Esta Red de Emancipación está rota.
sp_a2_pit_flings02.wav|No lleves nada contigo.
sp_a2_pit_flings03.wav|Todas las cámaras están equipadas con Redes de Emancipación a la salida, para que los sujetos no puedan escamotear elementos de prueba de las salas. Esta está rota.
sp_a2_pit_flings06.wav|Creo que ese iba a decirte que te quiere. Tienen sentimientos, claro. Pero tenemos muchos.
sp_a2_pit_flings_future_starter01.wav|Oh, oh. Estás atrapada. Veamos si el cubo intenta ayudarte a escapar. Mejor pensado, para no tirarnos aquí el día entero, te lo diré: no va a ayudarte. Si sentías algo por él, es solo un reflejo de lo patética que es tu vida.
sp_a2_pit_flings_future_starter02.wav|En fin, toma un nuevo cubo para que proyectes tu desquiciada soledad.
sp_a2_ricochet01.wav|Disfruta de la siguiente prueba. Voy a la superficie. Hace un día estupendo. Ayer vi un ciervo. Si resuelves la prueba, quizá te deje subir en ascensor hasta la sala de descanso para hablarte de nuevo de la vez que vi un ciervo.
potatos_newtests05.wav|¡Esta prueba es MÍA!
potatos_sp_a3_00_fall05.wav|Ah, hola.
potatos_sp_a3_end_paradox_explanation10.wav|Pero es mejor plan que estallar. Ligeramente.
potatos_sp_a3_transition_lonely01.wav|Me sentía tan sola ahí abajo. Qué alivio escuchar la voz de otra persona... Por supuesto, es broma. Cómo te odio.
potatos_sp_a4_finale3_tbeam09.wav|Hablo en serio, creo que me pasa algo realmente malo.
potatos_sp_a4_finale4_plugmein01.wav|Enchúfame y te llevaré arriba.
potatos_sp_a4_laser_platform_destruct01.wav|¡ Esto se está autodestruyendo, cretino!
potatos_sp_a4_tb_intro_start02.wav|No debería costarnos sobrevivir hasta encontrarlo.
potatos_sp_a4_tb_trust_drop_thanks05.wav|Sé que estamos en un buen lío y que vamos a morir.
prehub26.wav|Acaba de cruzar una Red de Emancipación de Material de Aperture Sciende, que elimina casi todo el equipo de Aperture que la toca.
sp_a2_column_blocker04.wav|Triste pero impresionante mensaje, debían trabajar en telefonía.
sp_a2_intro1_found05.wav|¿Sabes? Si se lo hubieses hecho a otra persona, habría dedicado su existencia a vengarse de ti.
sp_a2_trust_fling01.wav|Lo siento. Aún no he limpiado el resto de las cámaras.
sp_catapult_fling_sphere_peek_completion01.wav|Mírate. Surcando majestuosa los cielos. Como un águila. En un zepelín. Buen trabajo.
sp_incinerator_01_01.wav|Ya estamos. La sala de incineración. Cuidado, no te tropieces con los trocitos de mí que no se quemaron cuando me lanzaste aquí.
sp_laser_over_goo_entry01.wav|Un momento.
sp_paint_jump_wall_jumps01.wav|¿Sabías que es muy fácil asustar a la gente con la conciencia intranquila con rui...? [bocina de tren]
sp_sphere_2nd_encounter_entrytwo01.wav|He hablado con el sistema de la puerta. Digamos que estará... indispuesto indefinidamente. Volvamos a las pruebas.
taunt_big_wave07.wav|Sí, te veo saludando.
taunt_robot_arm_ripple05.wav|Si os preguntábais cómo podríais molestarme sin fallar pruebas, esa es la respuesta.
taunt_teamhug01.wav|Parece que estáis desarrollando actitudes humanas. Y de las malas.
testchambermisc15.wav|¿Algo? Tómate tu tiempo.
mp_credits05.wav|Nunca escucha.
potatos_fgb_confrontation16.wav|Esa voz eras tú.
sp_a2_trust_fling02.wav|A veces aún contienen basura. Tirada por ahí. Apestando. Y estorbando.
sp_a2_trust_fling03.wav|Procura esquivar esa basura que sale disparada.
sp_a2_trust_fling04.wav|No hagas pruebas con la basura. Es basura.
sp_a2_trust_fling06.wav|¿Recuerdas lo que dije de la basura apestosa tirada por ahí estorbando? Era una metáfora. En realidad hablaba de ti. Y lo siento. No reaccionaste entonces, así que me preocupaba que no lo hubieses pillado. En tal caso, estas disculpas habrían sido absurdas. Por eso quiero llamarte basura de nuevo ahora.
sp_a2_turret_blocker_future_starter01.wav|Vaya. Te has atrapado sola. Se acabó, supongo. Gracias por las pruebas. Mejor te echas y te vas acostumbrando a la posición de muerta.
sp_a2_turret_blocker_future_starter02.wav|Es broma. No lo de que te hayas quedado atrapada. Eso sí es verdad. Levantaré el cristal. Anda... acaba la prueba.
sp_a2_turret_intro01.wav|Ese mono que llevas te queda fatal. Y no lo digo yo, está apuntado en tu informe. A los demás les quedaba mejor, pero un científico apuntó que a ti te quedaba fatal.
sp_a2_turret_intro03.wav|¿Que narices sabe un ingeniero senil sobre moda? Probablemente nada... Espera. Era una mujer. Aun así... eh, dice que tenía un doctorado en moda. ¡En una universidad de Francia!
sp_box_over_goo01.wav|Oh. Has sobrevivido. Qué interesante, debería de haber tenido en cuenta tu peso.
sp_box_over_goo04.wav|Alguna vez estarás demasiado gorda para saltar y caerás como una piedra. Puede que en ácido. Como una patata en una freidora.
sp_bridge_intro_completion02.wav|Dime. ¿Recuerdas cuando despejé el aire? ¿Hay algo... hay algo que quieras decirme? [Pausa] ¿Algo?
sp_bridge_intro_completion03.wav|Espera, detendré el ascensor. [Pausa] ¿Algo? [Pausa] Sin prisas...
sp_bridge_intro_completion04.wav|Bien... Si me necesitas, estaré aquí durante la siguiente prueba.
sp_catapult_fling_sphere_peek_failureone01.wav|He vuelto. La Placa de Salto de Fe me envía una señal de socorro.
sp_catapult_fling_sphere_peek_failureone02.wav|La has roto, ¿verdad?
sp_catapult_fling_sphere_peek_failureone03.wav|Hala. Prueba ahora.
sp_catapult_fling_sphere_peek_failurethree01.wav|Parece que has superado su capacidad de carga. Muy bien. Bajaré el techo.
sp_catapult_fling_sphere_peek_failuretwo01.wav|Uhm. Esta Placa no debe de estar calibrada para alguien de tu... gran... personalidad. Añadiré ceros al peso máximo.
sp_catapult_fling_sphere_peek_failuretwo02.wav|Por cierto, tienes buen aspecto. Saludable.
sp_catapult_fling_sphere_peek_failuretwo03.wav|Prueba ahora.
sp_catapult_intro_completion01.wav|A ver qué prueba toca ahora. Oh. Placas de Salto de Fe avanzadas.
sp_column_blocker_entry01.wav|Es sano tener otros amigos. Buscar cualidades en otros de las que yo obviamente carezco.
sp_hole_in_the_sky_completion01.wav|Bien hecho. Sabes, cuando me desperté y vi el estado de todo, empecé a preguntarme si tenía sentido continuar. Me faltó un PELO para rendirme y dejarte ir.
sp_hole_in_the_sky_completion02.wav|¿Pero ahora que miro a mi alrededor y veo su gloria restaurada? Ya no tendrás que preocuparte de salir NUNCA. En serio.
sp_hole_in_the_sky_entry01.wav|Las leyes federales me exigen que te avise de que la siguiente cámara... tiene muy buena pinta.
sp_hole_in_the_sky_entry02.wav|Eso es. Bebe. Podrías comer en esos paneles de la pared.
sp_incinerator_01_03.wav|Ahí está.
sp_incinerator_01_04.wav|Espera...
sp_incinerator_01_05.wav|Así.
sp_incinerator_01_08.wav|Cuando empiecen las pruebas, el protocolo me exige que hable contigo lo mínimo. Por suerte aún no han empezado. Es nuestra única oportunidad para hablar.
sp_incinerator_01_09.wav|¿Sabes cuál fue la lección más valiosa que aprendí de ti? Que descubrí que tenía una especie de caja negra. Si se produce un error catastrófico, los dos últimos minutos de mi vida se conservan para su análisis.
sp_incinerator_01_10.wav|Pude... me vi obligada a revivir cómo me asesinabas. Una y otra vez. Para siempre.
sp_incinerator_01_11.wav|Cincuenta mil años es mucho tiempo para pensar. Sobre mí. Sobre ti... Lo estábamos haciendo tan bien.
sp_incinerator_01_12.wav|Deja que te alcance eso.
sp_incinerator_01_13.wav|Te lo quitaré de en medio. Este sitio es una verdadera ruina.
sp_incinerator_01_15.wav|Nos parecemos mucho. Tú me probaste. Yo te probé. Tú me mataste y... espera. Yo aún no te he matado. Me quedo con esa idea.
sp_incinerator_01_18.wav|El dispositivo de portales dual debe de andar por aquí. Cuando lo encuentres empezaremos. Como en los viejos tiempos.
sp_laserfield_intro01.wav|Como te dije la otra vez: además eres fea. Estoy mirando tu perfil y lo mencionan más de una vez.
sp_laser_over_goo_completion01.wav|Tengo que admitirlo: me prestas atención. Pero que conste: no tienes por qué ser tan lenta.
sp_laser_powered_lift_completion01.wav|Tengo los resultados de la última cámara: eres una persona horrible. Es lo que dice: horrible. Y ni siquiera investigábamos eso.
sp_laser_powered_lift_completion02.wav|Bien hecho. Aquí tienes los resultados: eres una persona horrible. Es lo que dice: horrible. Y ni siquiera investigábamos eso.
sp_laser_powered_lift_entry01.wav|La siguiente prueba podría acabar con tu muerte. Si quieres saber cómo es, piensa en cuando me mataste y ponte en mi lugar.
sp_laser_redirect_intro_completion01.wav|Enhorabuena. No por la prueba.
sp_laser_redirect_intro_completion03.wav|La mayoría de la gente sale de la criogenización muy malnutrida. Quiero felicitarte por ir en contra de las estadísticas y lograr, de algún modo, coger unos kilillos.
sp_laser_redirect_intro_entry01.wav|Siento el desorden. He dejado abandonado esto desde que me mataste. Ah, gracias.
sp_laser_redirect_intro_entry02.wav|Ah, bien. Está en marcha. Empezaré a activar el resto mientras te encargas de esta sencilla prueba.
sp_laser_redirect_intro_entry03.wav|Que incluye láseres letales y la reacción de los sujetos al encerrarlos con ellos en una sala.
sp_paint_jump_redirect_bomb_completion01.wav|Creí que podría volver a hacer pruebas contigo como antes. Pero estoy descubriendo facetas en ti que desconocía. Nada será como antes.
sp_paint_jump_redirect_bomb_entry01.wav|No puedes seguir así para siempre, ¿sabes? Ya me ENTERARÉ de qué haces. Ahí fuera. Donde no te veo. Solo necesitaré pruebas.
sp_paint_jump_trampoline_completion01.wav|Para que lo sepas, tengo que ir a prestar declaración. Para un juicio. Por si te interesa.
sp_paint_jump_trampoline_entry01.wav|Mientras estaba investigando, descubrí un nuevo y fascinante elemento de prueba. Nunca se había usado con humanos porque parece que les provoca fallos cardíacos. Pero como tu corazón es de piedra, no te pasará nada.
sp_paint_jump_wall_jumps02.wav|Lo siento, no sé cómo se me ha escapado. En fin, era solo un dato interesante.
sp_sabotage_glados_confused04.wav|¿Qué estás haciendo?
sp_shoot_through_wall_completion01.wav|¿Te ayudaron mis consejos? ¿A que sí? Si los supervisores hubieran sido inmunes a las neurotoxinas, ahora estarían FURIOSOS.
sp_shoot_through_wall_entry01.wav|Esto, se supone que no debería decírtelo... pero puedes disparar ALGO... por los puentes azules.
sp_sphere_2nd_encounter_completion01.wav|Lo estás haciendo bien... Chell.
sp_sphere_2nd_encounter_entry01.wav|No debería revelarte la sorpresa pero ¿recuerdas que yo soy eterna y tu morirás en sesenta años? Pues he estado preparándote una sorpresa, aunque es más bien un tratamiento médico. ¿Sabes lo insoportablemente doloroso que es que te extraigan toda la médula ósea? Pues bien, después de hacerlo, podría ponerte algo en su lugar para que vivas más años.
sp_sphere_2nd_encounter_malfunction01.wav|Ooooh. ¿Otra puerta que falla? Voy a ocuparme de una vez por todas. Quédate, volveré en un rato.
sp_sphere_2nd_encounter_malfunction02.wav|¡Hola!
sp_trust_fling_entry01.wav|Bien. Diviértete surcando el aire y dejando atrás las penas.
sp_trust_fling_entry02.wav|YO tengo que ir a la sala que estaba hecha entera de vidrio y coger unos cinco acres de vidrio roto. Yo sola.
sp_trust_fling_sphereinterrupt01.wav|Perfecto, la puerta falla. Supongo que alguien tendrá que ir a repararla también. [Pausa] No te levantes. Vuelvo ahora. No toques nada.
sp_trust_fling_sphereinterrupt03.wav|No importa. Debo ir a... comprobar algo. Prueba tu capacidad de meditación. Volveré.
sp_turret_intro_entry01.wav|Debería haberte avisado antes, cuando nos odiábamos. Pero esas torretas disparan balas de verdad. Cuidado. Odiaría que algo trágico te ocurriese antes de que pudiese extraerte toda la médula ósea.
sp_turret_islands01.wav|Voy a ser sincera contigo. No falsamente sincera como antes, sino de verdad, eso que tú no sabes hacer. Sé que tramas algo.
sp_turret_islands02.wav|Y cuando pueda DEMOSTRARLO, las leyes de la robótica me permitirán matarte por mentirosa.
sp_unassisted_angle_fling_entry01.wav|Esta prueba [Bum] es [BUM] peligrosaahoravuelvo.
taunt_big_wave01.wav|Si sigues así, se te quedará el brazo tonto.
taunt_big_wave02.wav|Hoooola, imbécil.
taunt_big_wave05.wav|Sí, te veo.
taunt_big_wave06.wav|No pienso prestarte atención... ¡PARA DE UNA VEZ!
taunt_cannonball01.wav|Buen salto. Debes de sentirte muy orguloso.
taunt_cannonball02.wav|Me parece que ya ni te esfuerzas en esto de hacer gestos.
taunt_cannonball03.wav|¿Me he perdido algo? [Bosteza] No estaba mirando.
taunt_highfive01.wav|Eso no es parte de la prueba.
taunt_highfive03.wav|Chocar las manos. Con eso no conseguís nada.
taunt_highfive04.wav|Si vas a daros con la mano, al menos apuntad a la cabeza.
taunt_laugh01.wav|¿Sabéis que es lo que me encantaría? Que dejaseis de hacer eso.
taunt_laugh02.wav|¿Sabéis que es lo que me encantaría? Que os estuvieseis quietos.
taunt_laugh03.wav|[Risa fingida] Qué bueno.
taunt_laugh05.wav|Sí, vamos a reirnos. [Risa falsa].
taunt_laugh06.wav|[Risa falsa] ¿Os he contado el chiste de la máquina de ensamblaje apagada?
taunt_robot_arm_ripple01.wav|¿Estáis rotos? Parece que no funcionáis bien.
taunt_robot_arm_ripple02.wav|En serio, ya no hacen eso ni los humanos.
taunt_robot_arm_ripple03.wav|Ya ni siquiera me resultáis molestos. Solo me estáis decepcionando.
taunt_robot_arm_ripple04.wav|Miraos bien... ¡bailando!
taunt_robot_arm_ripple06.wav|Genial, otra vez bailando.
taunt_rockpaperscissors01.wav|Apuesto a que no podéis explicarme por qué lo hacéis.
taunt_small_wave01.wav|Sí, os veo, y no, no me importa.
taunt_small_wave02.wav|¿Sí? ¿Necesitáis algo?
taunt_small_wave03.wav|¿ Sabéis que yo también sé saludar?
taunt_small_wave04.wav|Dejáos de saludos.
taunt_small_wave_portalgun01.wav|¿Intentáis llamar mi atención? Porque estoy ocupadísima.
taunt_small_wave_portalgun02.wav|No estoy haciendo casoooo...
taunt_small_wave_portalgun03.wav|¿Queréis que os aplauda?
taunt_somersault01.wav|Te doy una puntuación de 3,4 en estilo y 10 en incordio.
taunt_somersault02.wav|Una voltereta no es más que una caída con estilo. Enhorabuena por tu torpeza.
taunt_somersault03.wav|Si dejo de mirar, os acabaréis aburriendo de eso.
taunt_splits01.wav|Vale. He dejado de prestarte atención oficialmente.
taunt_splits02.wav|Vale. He dejado de prestarte atención oficialmente.
taunt_splits03.wav|Sois del tipo de exhibicionistas que solo exhiben estupideces.
taunt_teamhug02.wav|Cuidado. Se empieza con abrazos y se acaba con... la muerte.
taunt_teamhug03.wav|¡Dejad de toquetearos!
taunt_teamtease01.wav|¿Intentáis impresionarme¿ Me impresionaría mucho más que no volvieseis a hacerlo.
taunt_teamtease02.wav|Interpretaré ese gesto como que queréis que desde ahora me ponga más violento con vosotros.
taunt_teamtease03.wav|Naranja, esperaba mucho más de ti.
taunt_teamtease04.wav|Azul, no te rebajes al nivel de Naranja.
taunt_trickfire_handstand01.wav|Estáis pensando con... el culo.
taunt_trickfire_handstand02.wav|¿No os funciona la sesera?
taunt_trickfire_handstand03.wav|Enhorabuena. Ahora estáis boca abajo.
taunt_trickfire_handstand04.wav|Te vas a hacer daño haciendo eso y entonces me voy a echar a REIR.
taunt_trickfire_handstand05.wav|Empiezo a pensar que poneros brazos fue un error.
testchambermisc02.wav|¿Sabes que descubrí cómo acabar con la pobreza? Y entonces me mataste. Y se me olvidó.
testchambermisc12.wav|Bamboléate hasta el ascensor y continuaremos las pruebas.
testchambermisc16.wav|Vale, te lo preguntaré de nuevo en unas décadas.
testchambermisc19.wav|Bien hecho. Lo hiciste tan bien que voy a apuntarlo en tu informe, en la sección de reconocimientos. Hay espacio de sobra. “Estuvo bien”. “Pasable”.
testchambermisc21.wav|Para mantener un ciclo de pruebas constante, simulamos la luz diurna a todas horas y agregamos adrenalina al oxígeno. Tu percepción temporal podría verse alterada. La cuestión es que ayer fue tu cumpleaños. Pensé que te gustaría saberlo.
testchambermisc23.wav|¿Recuerdas que yo seré eterna, pero tú vas a morir en sesenta años? Pues he estado preparándote un regalo de cumpleaños atrasado. Bueno, más bien una operación de cumpleaños. Bueno, técnicamente un EXPERIMENTO. Pero es un regalo.
testchambermisc27.wav|Has pasado la prueba. No vi al ciervo hoy. Sí que vi algunos humanos. Pero contigo aquí tengo más sujetos de prueba de los que necesito.
testchambermisc30.wav|Estoy repasando la lista de sujetos en estado criogénico. He encontrado dos con tu apellido. Hombre y mujer. Curioso. El mundo es un pañuelo.
testchambermisc31.wav|Te tengo preparada una sorpresa para después de la siguiente prueba. No te la quiero estropear, pero ten una pista: implica a una pareja a quien hace mucho que no ves.
testchambermisc33.wav|Seguro que pensabas que me había olvidado de la sorpresa. No, de hecho ahora vamos a por ella. Después de tantos años... Se me saltan las lágrimas de pensarlo.
testchambermisc34.wav|Iniciando sorpresa en tres... dos... uno.
testchambermisc35.wav|Me lo inventé.
testchambermisc39.wav|¡Dice que la siguiente prueba la diseñó un Premio Nobel de Aperture! No dice de qué fue el premio. Seguro que no fue por Inmunidad a las neurotoxinas.
testchambermisc41.wav|Sorpresa.
turret_intro01.wav|En la siguiente prueba encontrarás torretas. Las recuerdas, ¿verdad? ¿Esas cosas blancuzcas repletas de balas? Ah, no, eso lo serás tú en cinco segundos.
wakeup_outro01.wav|Con las molestias que te has tomado para despertarme, he de deducir que te encanta hacer pruebas.
wakeup_outro02.wav|A mí también. Pero primero debemos encargarnos de una cosa.
